ROW_ID,target
180245,0
180246,0
180247,0
180248,0
180249,0
180250,1
180251,0
180252,0
180253,1
180254,1
180255,1
180256,0
180257,1
180258,0
180259,1
180260,0
180261,0
180262,0
180263,1
180264,1
180265,1
180266,1
180267,0
180268,1
180269,0
180270,0
180271,1
180272,0
180273,0
180274,1
180275,1
180276,1
180277,0
180278,1
180279,0
180280,0
180281,0
180282,1
180283,0
180284,1
180285,1
180286,1
180287,1
180288,0
180289,0
180290,0
180291,0
180292,1
180293,0
180294,1
180295,0
180296,0
180297,0
180298,1
180299,0
180300,1
180301,1
180302,1
180303,0
180304,1
180305,1
180306,0
180307,1
180308,1
180309,0
180310,1
180311,1
180312,1
180313,0
180314,0
180315,0
180316,0
180317,0
180318,0
180319,0
180320,1
180321,1
180322,0
180323,1
180324,0
180325,0
180326,0
180327,0
180328,1
180329,1
180330,1
180331,1
180332,0
180333,1
180334,1
180335,0
180336,0
180337,0
180338,1
180339,0
180340,1
180341,1
180342,1
180343,0
180344,1
180345,0
180346,0
180347,1
180348,0
180349,1
180350,0
180351,1
180352,1
180353,0
180354,0
180355,1
180356,1
180357,0
180358,0
180359,1
180360,0
180361,0
180362,1
180363,1
180364,1
180365,0
180366,0
180367,0
180368,0
180369,1
180370,1
180371,0
180372,1
180373,1
180374,0
180375,1
180376,0
180377,1
180378,0
180379,0
180380,0
180381,0
180382,1
180383,0
180384,0
180385,0
180386,0
180387,0
180388,0
180389,0
180390,0
180391,0
180392,0
180393,0
180394,0
180395,0
180396,1
180397,0
180398,1
180399,0
180400,0
180401,0
180402,0
180403,0
180404,1
180405,0
180406,0
180407,0
180408,1
180409,0
180410,0
180411,0
180412,1
180413,0
180414,0
180415,1
180416,0
180417,0
180418,0
180419,0
180420,0
180421,0
180422,1
180423,0
180424,0
180425,0
180426,0
180427,1
180428,1
180429,0
180430,1
180431,0
180432,0
180433,0
180434,0
180435,1
180436,0
180437,1
180438,1
180439,0
180440,1
180441,0
180442,1
180443,0
180444,0
180445,0
180446,0
180447,1
180448,0
180449,1
180450,0
180451,0
180452,1
180453,0
180454,0
180455,0
180456,1
180457,1
180458,0
180459,0
180460,0
180461,1
180462,0
180463,1
180464,0
180465,0
180466,1
180467,0
180468,0
180469,1
180470,0
180471,0
180472,1
180473,1
180474,0
180475,0
180476,0
180477,1
180478,1
180479,0
180480,1
180481,0
180482,0
180483,0
180484,0
180485,0
180486,1
180487,1
180488,0
180489,1
180490,0
180491,0
180492,1
180493,1
180494,0
180495,1
180496,1
180497,0
180498,1
180499,0
180500,1
180501,0
180502,1
180503,0
180504,0
180505,1
180506,0
180507,1
180508,0
180509,0
180510,0
180511,0
180512,1
180513,0
180514,1
180515,0
180516,0
180517,1
180518,0
180519,0
180520,0
180521,0
180522,1
180523,0
180524,0
180525,0
180526,1
180527,0
180528,1
180529,0
180530,0
180531,0
180532,0
180533,1
180534,1
180535,1
180536,0
180537,1
180538,1
180539,0
180540,0
180541,1
180542,1
180543,1
180544,1
180545,1
180546,0
180547,1
180548,0
180549,0
180550,0
180551,1
180552,1
180553,0
180554,0
180555,0
180556,0
180557,1
180558,1
180559,0
180560,1
180561,1
180562,0
180563,0
180564,0
180565,1
180566,0
180567,1
180568,1
180569,0
180570,1
180571,0
180572,1
180573,0
180574,0
180575,0
180576,1
180577,1
180578,1
180579,1
180580,0
180581,0
180582,1
180583,0
180584,0
180585,0
180586,1
180587,1
180588,0
180589,0
180590,0
180591,1
180592,0
180593,1
180594,0
180595,0
180596,1
180597,0
180598,1
180599,1
180600,1
180601,0
180602,0
180603,1
180604,0
180605,0
180606,0
180607,1
180608,1
180609,0
180610,1
180611,1
180612,0
180613,0
180614,0
180615,0
180616,0
180617,1
180618,0
180619,1
180620,0
180621,0
180622,0
180623,1
180624,1
180625,1
180626,0
180627,0
180628,0
180629,0
180630,1
180631,0
180632,1
180633,1
180634,0
180635,1
180636,0
180637,1
180638,1
180639,1
180640,0
180641,1
180642,1
180643,1
180644,1
180645,1
180646,0
180647,1
180648,1
180649,0
180650,0
180651,1
180652,1
180653,1
180654,1
180655,0
180656,1
180657,1
180658,1
180659,1
180660,1
180661,1
180662,1
180663,1
180664,0
180665,1
180666,0
180667,1
180668,0
180669,0
180670,1
180671,1
180672,1
180673,1
180674,1
180675,1
180676,0
180677,1
180678,1
180679,0
180680,1
180681,1
180682,0
180683,0
180684,0
180685,0
180686,0
180687,1
180688,1
180689,0
180690,0
180691,1
180692,1
180693,0
180694,0
180695,1
180696,1
180697,1
180698,0
180699,0
180700,1
180701,0
180702,1
180703,0
180704,0
180705,0
180706,0
180707,0
180708,1
180709,1
180710,0
180711,0
180712,1
180713,0
180714,0
180715,0
180716,0
180717,1
180718,0
180719,0
180720,0
180721,0
180722,0
180723,1
180724,0
180725,0
180726,1
180727,0
180728,0
180729,1
180730,0
180731,0
180732,1
180733,1
180734,0
180735,0
180736,0
180737,1
180738,1
180739,1
180740,1
180741,0
180742,0
180743,0
180744,0
180745,0
180746,1
180747,1
180748,0
180749,1
180750,0
180751,0
180752,1
180753,1
180754,0
180755,1
180756,1
180757,1
180758,0
180759,0
180760,1
180761,0
180762,1
180763,0
180764,0
180765,1
180766,0
180767,1
180768,0
180769,0
180770,1
180771,1
180772,1
180773,0
180774,1
180775,0
180776,0
180777,1
180778,0
180779,0
180780,0
180781,0
180782,1
180783,0
180784,0
180785,0
180786,1
180787,0
180788,1
180789,0
180790,0
180791,0
180792,0
180793,1
180794,1
180795,0
180796,0
180797,1
180798,1
180799,1
180800,0
180801,0
180802,1
180803,1
180804,1
180805,1
180806,0
180807,1
180808,0
180809,0
180810,0
180811,1
180812,1
180813,0
180814,0
180815,0
180816,0
180817,1
180818,1
180819,0
180820,1
180821,1
180822,0
180823,1
180824,0
180825,1
180826,0
180827,1
180828,1
180829,0
180830,1
180831,0
180832,0
180833,0
180834,0
180835,0
180836,0
180837,1
180838,0
180839,0
180840,0
180841,0
180842,1
180843,0
180844,0
180845,0
180846,0
180847,1
180848,0
180849,1
180850,0
180851,0
180852,0
180853,1
180854,0
180855,0
180856,0
180857,0
180858,0
180859,1
180860,0
180861,1
180862,1
180863,1
180864,0
180865,0
180866,0
180867,1
180868,1
180869,0
180870,1
180871,0
180872,0
180873,0
180874,0
180875,0
180876,1
180877,1
180878,0
180879,0
180880,0
180881,0
180882,1
180883,1
180884,1
180885,0
180886,1
180887,0
180888,1
180889,0
180890,1
180891,0
180892,1
180893,0
180894,0
180895,1
180896,0
180897,1
180898,0
180899,0
180900,1
180901,0
180902,1
180903,1
180904,1
180905,0
180906,0
180907,1
180908,0
180909,0
180910,0
180911,0
180912,1
180913,0
180914,0
180915,1
180916,1
180917,1
180918,1
180919,0
180920,0
180921,1
180922,0
180923,1
180924,1
180925,0
180926,1
180927,0
180928,1
180929,1
180930,0
180931,0
180932,1
180933,1
180934,0
180935,1
180936,0
180937,0
180938,0
180939,1
180940,0
180941,0
180942,1
180943,0
180944,1
180945,0
180946,0
180947,0
180948,1
180949,0
180950,1
180951,0
180952,1
180953,0
180954,1
180955,1
180956,0
180957,1
180958,1
180959,0
180960,0
180961,0
180962,0
180963,0
180964,0
180965,1
180966,0
180967,1
180968,0
180969,0
180970,0
180971,0
180972,1
180973,0
180974,1
180975,1
180976,0
180977,0
180978,0
180979,0
180980,0
180981,1
180982,0
180983,1
180984,0
180985,0
180986,0
180987,0
180988,1
180989,1
180990,1
180991,0
180992,0
180993,1
180994,0
180995,0
180996,0
180997,1
180998,1
180999,0
181000,1
181001,0
181002,0
181003,0
181004,0
181005,0
181006,0
181007,1
181008,0
181009,1
181010,0
181011,0
181012,0
181013,1
181014,0
181015,1
181016,1
181017,1
181018,1
181019,0
181020,1
181021,0
181022,1
181023,0
181024,0
181025,0
181026,1
181027,0
181028,0
181029,0
181030,0
181031,1
181032,0
181033,0
181034,0
181035,1
181036,0
181037,1
181038,1
181039,1
181040,1
181041,0
181042,1
181043,1
181044,1
181045,0
181046,1
181047,0
181048,1
181049,1
181050,0
181051,0
181052,1
181053,0
181054,0
181055,1
181056,1
181057,1
181058,1
181059,0
181060,0
181061,0
181062,1
181063,1
181064,1
181065,1
181066,0
181067,1
181068,1
181069,0
181070,0
181071,1
181072,0
181073,1
181074,0
181075,0
181076,1
181077,1
181078,1
181079,0
181080,0
181081,1
181082,0
181083,1
181084,0
181085,1
181086,1
181087,1
181088,1
181089,1
181090,1
181091,0
181092,1
181093,0
181094,0
181095,0
181096,1
181097,1
181098,1
181099,1
181100,0
181101,0
181102,1
181103,0
181104,0
181105,0
181106,1
181107,1
181108,0
181109,0
181110,0
181111,1
181112,0
181113,1
181114,0
181115,0
181116,1
181117,0
181118,0
181119,1
181120,0
181121,0
181122,1
181123,1
181124,0
181125,0
181126,0
181127,1
181128,1
181129,0
181130,1
181131,1
181132,0
181133,0
181134,0
181135,0
181136,0
181137,1
181138,0
181139,1
181140,0
181141,0
181142,0
181143,1
181144,0
181145,1
181146,0
181147,0
181148,0
181149,0
181150,1
181151,0
181152,1
181153,1
181154,0
181155,1
181156,0
181157,1
181158,0
181159,0
181160,0
181161,0
181162,0
181163,0
181164,0
181165,0
181166,0
181167,0
181168,0
181169,1
181170,0
181171,0
181172,0
181173,0
181174,1
181175,0
181176,0
181177,0
181178,1
181179,0
181180,1
181181,0
181182,0
181183,0
181184,1
181185,1
181186,0
181187,1
181188,1
181189,0
181190,1
181191,0
181192,1
181193,1
181194,1
181195,1
181196,0
181197,0
181198,0
181199,0
181200,0
181201,1
181202,1
181203,1
181204,1
181205,0
181206,0
181207,1
181208,1
181209,0
181210,1
181211,1
181212,0
181213,0
181214,0
181215,1
181216,0
181217,1
181218,0
181219,1
181220,1
181221,0
181222,1
181223,0
181224,1
181225,0
181226,1
181227,1
181228,1
181229,1
181230,0
181231,0
181232,1
181233,1
181234,0
181235,0
181236,0
181237,1
181238,0
181239,0
181240,0
181241,1
181242,0
181243,1
181244,0
181245,0
181246,1
181247,0
181248,0
181249,1
181250,0
181251,1
181252,1
181253,1
181254,0
181255,0
181256,0
181257,1
181258,1
181259,1
181260,1
181261,0
181262,1
181263,1
181264,0
181265,0
181266,1
181267,1
181268,0
181269,1
181270,0
181271,0
181272,1
181273,1
181274,0
181275,1
181276,1
181277,1
181278,1
181279,1
181280,1
181281,0
181282,1
181283,0
181284,0
181285,1
181286,0
181287,1
181288,0
181289,0
181290,0
181291,0
181292,0
181293,0
181294,0
181295,0
181296,0
181297,0
181298,0
181299,0
181300,0
181301,0
181302,1
181303,0
181304,0
181305,0
181306,0
181307,0
181308,1
181309,0
181310,0
181311,0
181312,0
181313,1
181314,1
181315,0
181316,0
181317,0
181318,1
181319,0
181320,0
181321,0
181322,1
181323,1
181324,0
181325,0
181326,0
181327,0
181328,0
181329,0
181330,0
181331,0
181332,1
181333,1
181334,0
181335,0
181336,0
181337,1
181338,1
181339,0
181340,1
181341,0
181342,0
181343,1
181344,0
181345,1
181346,0
181347,1
181348,0
181349,0
181350,1
181351,0
181352,1
181353,0
181354,1
181355,0
181356,0
181357,1
181358,1
181359,1
181360,0
181361,0
181362,1
181363,0
181364,1
181365,0
181366,1
181367,1
181368,0
181369,0
181370,0
181371,1
181372,0
181373,1
181374,0
181375,0
181376,1
181377,0
181378,1
181379,1
181380,1
181381,0
181382,0
181383,1
181384,1
181385,1
181386,1
181387,1
181388,1
181389,0
181390,1
181391,1
181392,0
181393,0
181394,1
181395,0
181396,0
181397,1
181398,0
181399,0
181400,0
181401,0
181402,0
181403,1
181404,0
181405,1
181406,0
181407,1
181408,1
181409,1
181410,1
181411,0
181412,1
181413,0
181414,0
181415,1
181416,0
181417,1
181418,0
181419,0
181420,0
181421,1
181422,1
181423,0
181424,0
181425,1
181426,0
181427,0
181428,0
181429,1
181430,0
181431,0
181432,1
181433,1
181434,1
181435,0
181436,0
181437,0
181438,1
181439,0
181440,1
181441,0
181442,0
181443,0
181444,1
181445,0
181446,1
181447,1
181448,1
181449,0
181450,0
181451,0
181452,1
181453,1
181454,1
181455,1
181456,0
181457,1
181458,0
181459,0
181460,0
181461,1
181462,1
181463,0
181464,0
181465,0
181466,0
181467,1
181468,1
181469,0
181470,1
181471,1
181472,0
181473,1
181474,0
181475,1
181476,0
181477,1
181478,0
181479,0
181480,1
181481,0
181482,1
181483,0
181484,0
181485,1
181486,0
181487,1
181488,0
181489,0
181490,0
181491,0
181492,0
181493,0
181494,0
181495,0
181496,1
181497,0
181498,0
181499,0
181500,0
181501,1
181502,0
181503,1
181504,0
181505,0
181506,0
181507,0
181508,0
181509,1
181510,0
181511,0
181512,1
181513,1
181514,0
181515,0
181516,0
181517,1
181518,1
181519,1
181520,1
181521,0
181522,0
181523,0
181524,0
181525,0
181526,1
181527,1
181528,0
181529,0
181530,0
181531,0
181532,1
181533,1
181534,0
181535,1
181536,1
181537,0
181538,1
181539,0
181540,1
181541,1
181542,1
181543,0
181544,0
181545,1
181546,1
181547,1
181548,0
181549,0
181550,1
181551,0
181552,0
181553,0
181554,0
181555,1
181556,1
181557,0
181558,1
181559,1
181560,1
181561,1
181562,1
181563,0
181564,1
181565,0
181566,1
181567,0
181568,1
181569,1
181570,0
181571,0
181572,0
181573,0
181574,1
181575,1
181576,1
181577,1
181578,1
181579,0
181580,1
181581,1
181582,1
181583,1
181584,0
181585,1
181586,0
181587,1
181588,0
181589,0
181590,1
181591,1
181592,1
181593,1
181594,0
181595,0
181596,1
181597,1
181598,1
181599,0
181600,1
181601,1
181602,0
181603,1
181604,1
181605,1
181606,0
181607,1
181608,1
181609,0
181610,0
181611,0
181612,0
181613,0
181614,0
181615,0
181616,0
181617,1
181618,0
181619,0
181620,0
181621,0
181622,0
181623,0
181624,0
181625,0
181626,0
181627,0
181628,0
181629,0
181630,0
181631,1
181632,1
181633,1
181634,1
181635,0
181636,0
181637,0
181638,1
181639,1
181640,1
181641,0
181642,0
181643,1
181644,0
181645,0
181646,0
181647,0
181648,0
181649,0
181650,1
181651,0
181652,0
181653,0
181654,0
181655,0
181656,0
181657,1
181658,0
181659,1
181660,0
181661,0
181662,0
181663,1
181664,0
181665,1
181666,1
181667,1
181668,0
181669,0
181670,1
181671,0
181672,1
181673,0
181674,0
181675,1
181676,0
181677,0
181678,0
181679,0
181680,0
181681,0
181682,1
181683,0
181684,1
181685,0
181686,0
181687,1
181688,0
181689,0
181690,0
181691,0
181692,1
181693,0
181694,0
181695,0
181696,0
181697,0
181698,1
181699,0
181700,0
181701,1
181702,0
181703,0
181704,1
181705,0
181706,0
181707,0
181708,1
181709,0
181710,0
181711,0
181712,1
181713,1
181714,0
181715,1
181716,0
181717,0
181718,0
181719,0
181720,0
181721,0
181722,1
181723,0
181724,0
181725,0
181726,0
181727,0
181728,1
181729,0
181730,1
181731,0
181732,1
181733,0
181734,0
181735,1
181736,0
181737,1
181738,1
181739,0
181740,1
181741,0
181742,1
181743,0
181744,0
181745,1
181746,1
181747,1
181748,1
181749,1
181750,1
181751,0
181752,1
181753,0
181754,0
181755,0
181756,1
181757,1
181758,0
181759,1
181760,1
181761,1
181762,0
181763,1
181764,0
181765,0
181766,1
181767,0
181768,0
181769,1
181770,0
181771,1
181772,1
181773,1
181774,1
181775,0
181776,0
181777,1
181778,1
181779,1
181780,1
181781,1
181782,1
181783,0
181784,0
181785,0
181786,1
181787,1
181788,0
181789,1
181790,0
181791,0
181792,1
181793,1
181794,0
181795,1
181796,1
181797,1
181798,0
181799,1
181800,1
181801,0
181802,1
181803,1
181804,0
181805,1
181806,0
181807,0
181808,0
181809,0
181810,1
181811,0
181812,1
181813,0
181814,1
181815,0
181816,0
181817,0
181818,0
181819,0
181820,0
181821,0
181822,0
181823,0
181824,0
181825,0
181826,1
181827,0
181828,1
181829,0
181830,0
181831,1
181832,0
181833,1
181834,1
181835,1
181836,0
181837,0
181838,1
181839,0
181840,0
181841,0
181842,1
181843,0
181844,0
181845,1
181846,1
181847,0
181848,0
181849,0
181850,0
181851,0
181852,1
181853,0
181854,1
181855,0
181856,0
181857,0
181858,1
181859,0
181860,1
181861,0
181862,0
181863,0
181864,1
181865,1
181866,0
181867,1
181868,0
181869,0
181870,1
181871,1
181872,1
181873,1
181874,0
181875,1
181876,1
181877,1
181878,1
181879,1
181880,1
181881,0
181882,1
181883,0
181884,0
181885,0
181886,1
181887,1
181888,1
181889,1
181890,1
181891,1
181892,1
181893,1
181894,0
181895,1
181896,1
181897,0
181898,0
181899,1
181900,1
181901,1
181902,1
181903,1
181904,1
181905,0
181906,0
181907,1
181908,1
181909,1
181910,1
181911,1
181912,1
181913,0
181914,1
181915,0
181916,1
181917,1
181918,1
181919,1
181920,0
181921,1
181922,1
181923,1
181924,1
181925,1
181926,1
181927,1
181928,1
181929,1
181930,1
181931,0
181932,1
181933,1
181934,0
181935,1
181936,0
181937,1
181938,0
181939,0
181940,1
181941,1
181942,0
181943,1
181944,1
181945,0
181946,0
181947,1
181948,0
181949,0
181950,0
181951,0
181952,1
181953,0
181954,1
181955,0
181956,0
181957,0
181958,1
181959,0
181960,0
181961,1
181962,0
181963,0
181964,1
181965,1
181966,0
181967,0
181968,1
181969,1
181970,1
181971,0
181972,1
181973,1
181974,1
181975,1
181976,0
181977,1
181978,0
181979,0
181980,0
181981,0
181982,1
181983,1
181984,1
181985,0
181986,0
181987,0
181988,1
181989,0
181990,1
181991,1
181992,0
181993,0
181994,1
181995,1
181996,0
181997,1
181998,1
181999,0
182000,1
182001,0
182002,1
182003,0
182004,0
182005,0
182006,1
182007,1
182008,0
182009,0
182010,1
182011,0
182012,1
182013,0
182014,1
182015,0
182016,1
182017,1
182018,1
182019,1
182020,0
182021,1
182022,0
182023,1
182024,0
182025,0
182026,0
182027,0
182028,1
182029,1
182030,1
182031,0
182032,1
182033,1
182034,1
182035,0
182036,0
182037,1
182038,1
182039,1
182040,1
182041,1
182042,1
182043,0
182044,0
182045,0
182046,1
182047,1
182048,0
182049,0
182050,0
182051,0
182052,1
182053,1
182054,0
182055,1
182056,1
182057,1
182058,1
182059,1
182060,1
182061,1
182062,1
182063,1
182064,0
182065,1
182066,0
182067,1
182068,0
182069,0
182070,0
182071,0
182072,1
182073,0
182074,0
182075,0
182076,0
182077,0
182078,0
182079,1
182080,0
182081,1
182082,0
182083,0
182084,1
182085,0
182086,1
182087,0
182088,1
182089,0
182090,0
182091,1
182092,0
182093,0
182094,1
182095,0
182096,0
182097,1
182098,1
182099,0
182100,1
182101,1
182102,1
182103,0
182104,0
182105,0
182106,0
182107,0
182108,0
182109,0
182110,0
182111,0
182112,1
182113,0
182114,1
182115,0
182116,0
182117,0
182118,1
182119,0
182120,1
182121,0
182122,1
182123,1
182124,0
182125,1
182126,0
182127,1
182128,0
182129,0
182130,1
182131,0
182132,1
182133,1
182134,1
182135,1
182136,1
182137,1
182138,1
182139,1
182140,0
182141,0
182142,1
182143,0
182144,0
182145,0
182146,1
182147,1
182148,0
182149,0
182150,0
182151,0
182152,0
182153,1
182154,0
182155,0
182156,1
182157,0
182158,0
182159,1
182160,1
182161,0
182162,1
182163,1
182164,0
182165,0
182166,0
182167,1
182168,1
182169,1
182170,1
182171,1
182172,1
182173,0
182174,0
182175,0
182176,1
182177,1
182178,0
182179,1
182180,1
182181,0
182182,1
182183,1
182184,0
182185,1
182186,1
182187,1
182188,1
182189,1
182190,1
182191,0
182192,1
182193,1
182194,0
182195,1
182196,0
182197,1
182198,0
182199,0
182200,1
182201,0
182202,1
182203,0
182204,0
182205,0
182206,0
182207,1
182208,0
182209,0
182210,0
182211,0
182212,0
182213,0
182214,0
182215,0
182216,1
182217,0
182218,1
182219,0
182220,0
182221,0
182222,0
182223,1
182224,1
182225,1
182226,0
182227,1
182228,1
182229,0
182230,0
182231,1
182232,1
182233,1
182234,0
182235,1
182236,0
182237,0
182238,0
182239,0
182240,0
182241,0
182242,1
182243,0
182244,0
182245,0
182246,0
182247,1
182248,1
182249,0
182250,1
182251,1
182252,1
182253,1
182254,0
182255,1
182256,0
182257,1
182258,1
182259,0
182260,1
182261,0
182262,1
182263,0
182264,0
182265,0
182266,0
182267,0
182268,0
182269,1
182270,0
182271,0
182272,0
182273,0
182274,0
182275,0
182276,0
182277,0
182278,0
182279,0
182280,0
182281,1
182282,0
182283,1
182284,0
182285,0
182286,1
182287,0
182288,0
182289,1
182290,0
182291,0
182292,0
182293,1
182294,0
182295,0
182296,0
182297,1
182298,1
182299,0
182300,1
182301,0
182302,0
182303,0
182304,0
182305,0
182306,0
182307,1
182308,0
182309,1
182310,0
182311,0
182312,1
182313,1
182314,0
182315,1
182316,1
182317,0
182318,0
182319,0
182320,1
182321,0
182322,1
182323,0
182324,0
182325,0
182326,0
182327,0
182328,0
182329,0
182330,0
182331,0
182332,1
182333,0
182334,0
182335,0
182336,0
182337,1
182338,0
182339,1
182340,1
182341,0
182342,0
182343,0
182344,1
182345,0
182346,1
182347,0
182348,1
182349,1
182350,0
182351,0
182352,0
182353,0
182354,1
182355,1
182356,0
182357,0
182358,1
182359,0
182360,0
182361,0
182362,1
182363,1
182364,1
182365,1
182366,0
182367,0
182368,0
182369,0
182370,0
182371,0
182372,0
182373,0
182374,0
182375,0
182376,0
182377,0
182378,1
182379,0
182380,1
182381,1
182382,0
182383,1
182384,0
182385,1
182386,0
182387,1
182388,1
182389,1
182390,1
182391,1
182392,1
182393,0
182394,1
182395,1
182396,1
182397,1
182398,0
182399,0
182400,1
182401,1
182402,1
182403,1
182404,1
182405,0
182406,0
182407,1
182408,1
182409,1
182410,1
182411,1
182412,0
182413,1
182414,1
182415,0
182416,0
182417,1
182418,0
182419,1
182420,1
182421,1
182422,1
182423,1
182424,0
182425,0
182426,0
182427,1
182428,1
182429,1
182430,1
182431,1
182432,1
182433,1
182434,0
182435,0
182436,1
182437,1
182438,1
182439,0
182440,0
182441,1
182442,1
182443,1
182444,1
182445,0
182446,1
182447,1
182448,1
182449,1
182450,1
182451,0
182452,1
182453,1
182454,0
182455,1
182456,0
182457,1
182458,0
182459,0
182460,1
182461,1
182462,1
182463,0
182464,1
182465,0
182466,0
182467,1
182468,0
182469,0
182470,0
182471,1
182472,1
182473,0
182474,0
182475,0
182476,1
182477,0
182478,1
182479,0
182480,0
182481,1
182482,0
182483,0
182484,1
182485,0
182486,1
182487,1
182488,1
182489,1
182490,0
182491,0
182492,1
182493,1
182494,1
182495,1
182496,0
182497,1
182498,0
182499,0
182500,0
182501,1
182502,1
182503,1
182504,1
182505,0
182506,0
182507,1
182508,1
182509,0
182510,1
182511,1
182512,1
182513,1
182514,1
182515,1
182516,0
182517,1
182518,0
182519,0
182520,1
182521,1
182522,1
182523,0
182524,1
182525,1
182526,0
182527,0
182528,1
182529,1
182530,0
182531,0
182532,0
182533,0
182534,1
182535,0
182536,0
182537,1
182538,0
182539,1
182540,0
182541,1
182542,0
182543,1
182544,1
182545,0
182546,1
182547,0
182548,1
182549,1
182550,1
182551,1
182552,0
182553,1
182554,0
182555,1
182556,1
182557,1
182558,0
182559,0
182560,1
182561,1
182562,0
182563,0
182564,1
182565,1
182566,0
182567,1
182568,1
182569,0
182570,0
182571,1
182572,0
182573,1
182574,1
182575,1
182576,1
182577,1
182578,1
182579,1
182580,1
182581,0
182582,0
182583,1
182584,0
182585,0
182586,0
182587,0
182588,0
182589,0
182590,1
182591,1
182592,1
182593,0
182594,0
182595,0
182596,0
182597,1
182598,0
182599,1
182600,1
182601,0
182602,1
182603,0
182604,0
182605,0
182606,1
182607,0
182608,1
182609,0
182610,0
182611,0
182612,0
182613,1
182614,1
182615,1
182616,1
182617,0
182618,1
182619,0
182620,0
182621,0
182622,1
182623,1
182624,1
182625,1
182626,0
182627,1
182628,0
182629,0
182630,0
182631,0
182632,1
182633,0
182634,1
182635,0
182636,0
182637,0
182638,1
182639,1
182640,1
182641,1
182642,1
182643,1
182644,0
182645,1
182646,0
182647,1
182648,1
182649,1
182650,1
182651,0
182652,1
182653,0
182654,0
182655,0
182656,1
182657,1
182658,0
182659,0
182660,1
182661,0
182662,1
182663,1
182664,1
182665,1
182666,0
182667,0
182668,0
182669,0
182670,0
182671,1
182672,0
182673,1
182674,1
182675,0
182676,1
182677,0
182678,1
182679,1
182680,1
182681,0
182682,0
182683,1
182684,0
182685,1
182686,1
182687,1
182688,1
182689,0
182690,1
182691,0
182692,0
182693,1
182694,0
182695,0
182696,0
182697,1
182698,0
182699,1
182700,0
182701,0
182702,0
182703,1
182704,0
182705,1
182706,1
182707,0
182708,1
182709,0
182710,1
182711,0
182712,1
182713,1
182714,1
182715,1
182716,0
182717,1
182718,0
182719,0
182720,1
182721,1
182722,1
182723,0
182724,0
182725,0
182726,0
182727,1
182728,0
182729,0
182730,0
182731,0
182732,1
182733,0
182734,0
182735,0
182736,1
182737,0
182738,1
182739,0
182740,0
182741,0
182742,0
182743,1
182744,1
182745,1
182746,1
182747,0
182748,1
182749,0
182750,0
182751,0
182752,1
182753,1
182754,1
182755,1
182756,0
182757,0
182758,0
182759,0
182760,0
182761,0
182762,1
182763,1
182764,1
182765,0
182766,0
182767,1
182768,1
182769,0
182770,1
182771,1
182772,1
182773,0
182774,0
182775,1
182776,0
182777,1
182778,1
182779,0
182780,1
182781,0
182782,1
182783,0
182784,0
182785,1
182786,0
182787,1
182788,1
182789,1
182790,0
182791,0
182792,1
182793,0
182794,0
182795,0
182796,0
182797,1
182798,0
182799,1
182800,0
182801,1
182802,0
182803,1
182804,0
182805,0
182806,1
182807,0
182808,1
182809,1
182810,1
182811,1
182812,0
182813,1
182814,1
182815,0
182816,0
182817,1
182818,1
182819,1
182820,1
182821,1
182822,1
182823,0
182824,1
182825,0
182826,0
182827,1
182828,0
182829,1
182830,1
182831,0
182832,1
182833,1
182834,0
182835,1
182836,1
182837,1
182838,0
182839,1
182840,1
182841,0
182842,1
182843,1
182844,0
182845,1
182846,0
182847,1
182848,0
182849,0
182850,0
182851,1
182852,1
182853,1
182854,1
182855,0
182856,0
182857,1
182858,0
182859,1
182860,1
182861,0
182862,0
182863,0
182864,0
182865,0
182866,1
182867,0
182868,1
182869,0
182870,0
182871,1
182872,0
182873,1
182874,1
182875,1
182876,0
182877,0
182878,1
182879,1
182880,0
182881,1
182882,1
182883,1
182884,1
182885,1
182886,1
182887,0
182888,1
182889,0
182890,0
182891,0
182892,1
182893,0
182894,1
182895,0
182896,0
182897,0
182898,1
182899,0
182900,1
182901,1
182902,1
182903,0
182904,1
182905,1
182906,0
182907,1
182908,1
182909,0
182910,1
182911,0
182912,1
182913,1
182914,1
182915,0
182916,1
182917,1
182918,0
182919,0
182920,1
182921,0
182922,1
182923,0
182924,0
182925,0
182926,1
182927,1
182928,1
182929,1
182930,1
182931,1
182932,0
182933,1
182934,0
182935,1
182936,0
182937,0
182938,0
182939,1
182940,0
182941,1
182942,1
182943,1
182944,0
182945,0
182946,0
182947,1
182948,1
182949,1
182950,1
182951,0
182952,1
182953,0
182954,0
182955,0
182956,1
182957,1
182958,0
182959,0
182960,0
182961,0
182962,1
182963,1
182964,0
182965,0
182966,1
182967,1
182968,1
182969,0
182970,1
182971,1
182972,1
182973,1
182974,0
182975,1
182976,0
182977,0
182978,0
182979,0
182980,0
182981,1
182982,1
182983,0
182984,0
182985,0
182986,0
182987,1
182988,0
182989,1
182990,0
182991,1
182992,1
182993,0
182994,0
182995,0
182996,1
182997,0
182998,1
182999,0
183000,0
183001,0
183002,0
183003,0
183004,1
183005,0
183006,0
183007,1
183008,1
183009,0
183010,0
183011,0
183012,1
183013,1
183014,0
183015,1
183016,0
183017,1
183018,0
183019,0
183020,0
183021,1
183022,0
183023,1
183024,0
183025,0
183026,0
183027,1
183028,1
183029,0
183030,0
183031,1
183032,1
183033,1
183034,0
183035,1
183036,1
183037,1
183038,0
183039,0
183040,0
183041,1
183042,0
183043,1
183044,1
183045,0
183046,0
183047,0
183048,0
183049,0
183050,1
183051,1
183052,0
183053,1
183054,1
183055,1
183056,1
183057,0
183058,1
183059,1
183060,1
183061,0
183062,0
183063,1
183064,1
183065,1
183066,0
183067,1
183068,0
183069,0
183070,1
183071,1
183072,1
183073,0
183074,1
183075,0
183076,0
183077,1
183078,1
183079,1
183080,0
183081,1
183082,0
183083,1
183084,1
183085,1
183086,1
183087,0
183088,1
183089,0
183090,1
183091,1
183092,1
183093,1
183094,1
183095,0
183096,0
183097,0
183098,0
183099,1
183100,1
183101,1
183102,1
183103,1
183104,1
183105,1
183106,1
183107,0
183108,0
183109,0
183110,0
183111,0
183112,0
183113,1
183114,0
183115,1
183116,1
183117,0
183118,1
183119,1
183120,0
183121,0
183122,1
183123,1
183124,1
183125,1
183126,1
183127,0
183128,1
183129,1
183130,0
183131,0
183132,0
183133,0
183134,0
183135,0
183136,0
183137,0
183138,1
183139,0
183140,0
183141,0
183142,1
183143,0
183144,1
183145,0
183146,1
183147,1
183148,1
183149,1
183150,0
183151,1
183152,0
183153,1
183154,0
183155,0
183156,0
183157,1
183158,1
183159,0
183160,0
183161,0
183162,0
183163,0
183164,1
183165,1
183166,1
183167,1
183168,0
183169,0
183170,1
183171,0
183172,0
183173,0
183174,0
183175,0
183176,0
183177,0
183178,1
183179,1
183180,0
183181,0
183182,0
183183,0
183184,1
183185,0
183186,0
183187,0
183188,0
183189,1
183190,0
183191,1
183192,0
183193,1
183194,0
183195,0
183196,0
183197,0
183198,1
183199,1
183200,0
183201,0
183202,0
183203,1
183204,0
183205,1
183206,0
183207,1
183208,1
183209,0
183210,1
183211,0
183212,0
183213,0
183214,1
183215,0
183216,0
183217,1
183218,1
183219,0
183220,0
183221,0
183222,0
183223,0
183224,0
183225,1
183226,1
183227,0
183228,1
183229,1
183230,1
183231,0
183232,1
183233,0
183234,0
183235,1
183236,0
183237,1
183238,0
183239,0
183240,1
183241,0
183242,1
183243,0
183244,0
183245,0
183246,0
183247,1
183248,0
183249,0
183250,0
183251,0
183252,1
183253,0
183254,0
183255,0
183256,1
183257,0
183258,1
183259,0
183260,0
183261,0
183262,0
183263,0
183264,1
183265,0
183266,0
183267,1
183268,1
183269,0
183270,0
183271,0
183272,1
183273,1
183274,0
183275,1
183276,0
183277,0
183278,0
183279,0
183280,0
183281,0
183282,1
183283,0
183284,0
183285,0
183286,0
183287,1
183288,1
183289,0
183290,1
183291,1
183292,0
183293,0
183294,0
183295,1
183296,0
183297,1
183298,1
183299,0
183300,1
183301,0
183302,1
183303,0
183304,0
183305,1
183306,0
183307,0
183308,0
183309,1
183310,1
183311,0
183312,0
183313,0
183314,0
183315,0
183316,0
183317,0
183318,0
183319,0
183320,0
183321,1
183322,0
183323,1
183324,0
183325,0
183326,0
183327,0
183328,0
183329,1
183330,0
183331,1
183332,0
183333,1
183334,1
183335,0
183336,0
183337,1
183338,0
183339,1
183340,1
183341,0
183342,1
183343,0
183344,0
183345,0
183346,0
183347,1
183348,1
183349,1
183350,0
183351,0
183352,1
183353,1
183354,0
183355,1
183356,1
183357,0
183358,1
183359,1
183360,1
183361,0
183362,1
183363,1
183364,0
183365,1
183366,0
183367,0
183368,0
183369,0
183370,0
183371,0
183372,1
183373,0
183374,0
183375,0
183376,0
183377,1
183378,0
183379,0
183380,0
183381,0
183382,1
183383,0
183384,0
183385,0
183386,0
183387,0
183388,1
183389,0
183390,0
183391,0
183392,0
183393,0
183394,1
183395,0
183396,1
183397,1
183398,1
183399,0
183400,0
183401,0
183402,1
183403,1
183404,1
183405,1
183406,0
183407,1
183408,0
183409,0
183410,0
183411,0
183412,1
183413,0
183414,0
183415,0
183416,0
183417,1
183418,1
183419,0
183420,1
183421,1
183422,0
183423,1
183424,0
183425,1
183426,0
183427,1
183428,0
183429,0
183430,1
183431,0
183432,1
183433,1
183434,0
183435,0
183436,1
183437,1
183438,1
183439,0
183440,1
183441,1
183442,0
183443,1
183444,0
183445,0
183446,1
183447,1
183448,1
183449,1
183450,1
183451,0
183452,0
183453,1
183454,1
183455,0
183456,0
183457,1
183458,0
183459,1
183460,0
183461,0
183462,1
183463,1
183464,0
183465,1
183466,1
183467,1
183468,1
183469,1
183470,1
183471,0
183472,0
183473,1
183474,0
183475,1
183476,1
183477,1
183478,0
183479,0
183480,0
183481,0
183482,1
183483,1
183484,1
183485,1
183486,0
183487,0
183488,1
183489,0
183490,1
183491,1
183492,1
183493,1
183494,0
183495,1
183496,0
183497,1
183498,0
183499,0
183500,0
183501,0
183502,1
183503,0
183504,0
183505,0
183506,0
183507,1
183508,0
183509,0
183510,0
183511,0
183512,0
183513,0
183514,1
183515,0
183516,1
183517,0
183518,1
183519,0
183520,0
183521,0
183522,0
183523,0
183524,1
183525,1
183526,1
183527,1
183528,1
183529,0
183530,0
183531,0
183532,1
183533,1
183534,1
183535,1
183536,0
183537,1
183538,0
183539,0
183540,0
183541,1
183542,1
183543,1
183544,0
183545,0
183546,0
183547,1
183548,1
183549,0
183550,1
183551,1
183552,0
183553,0
183554,0
183555,1
183556,0
183557,1
183558,0
183559,0
183560,1
183561,0
183562,1
183563,0
183564,0
183565,0
183566,1
183567,1
183568,0
183569,0
183570,0
183571,0
183572,1
183573,0
183574,0
183575,0
183576,0
183577,0
183578,0
183579,0
183580,0
183581,1
183582,0
183583,1
183584,1
183585,0
183586,0
183587,0
183588,1
183589,1
183590,1
183591,1
183592,1
183593,1
183594,0
183595,0
183596,0
183597,1
183598,1
183599,1
183600,1
183601,0
183602,1
183603,0
183604,0
183605,0
183606,1
183607,1
183608,0
183609,0
183610,1
183611,0
183612,1
183613,1
183614,0
183615,1
183616,1
183617,1
183618,1
183619,0
183620,1
183621,0
183622,1
183623,0
183624,0
183625,1
183626,0
183627,1
183628,0
183629,0
183630,0
183631,0
183632,1
183633,0
183634,0
183635,0
183636,0
183637,0
183638,0
183639,0
183640,0
183641,0
183642,0
183643,0
183644,0
183645,0
183646,0
183647,0
183648,1
183649,0
183650,0
183651,0
183652,0
183653,0
183654,1
183655,0
183656,0
183657,0
183658,1
183659,0
183660,0
183661,0
183662,1
183663,1
183664,0
183665,1
183666,0
183667,0
183668,0
183669,0
183670,0
183671,0
183672,1
183673,0
183674,0
183675,0
183676,0
183677,1
183678,1
183679,0
183680,1
183681,0
183682,0
183683,0
183684,0
183685,1
183686,0
183687,1
183688,0
183689,0
183690,1
183691,0
183692,1
183693,0
183694,0
183695,1
183696,1
183697,1
183698,0
183699,0
183700,0
183701,0
183702,1
183703,0
183704,0
183705,0
183706,1
183707,1
183708,0
183709,0
183710,0
183711,1
183712,0
183713,1
183714,0
183715,0
183716,0
183717,0
183718,0
183719,1
183720,0
183721,1
183722,1
183723,1
183724,0
183725,0
183726,0
183727,1
183728,1
183729,1
183730,1
183731,0
183732,1
183733,0
183734,0
183735,0
183736,0
183737,1
183738,1
183739,1
183740,0
183741,1
183742,1
183743,1
183744,1
183745,1
183746,1
183747,0
183748,0
183749,0
183750,1
183751,0
183752,1
183753,1
183754,0
183755,1
183756,0
183757,1
183758,0
183759,1
183760,0
183761,1
183762,1
183763,0
183764,0
183765,0
183766,0
183767,1
183768,0
183769,0
183770,0
183771,0
183772,1
183773,0
183774,1
183775,1
183776,1
183777,0
183778,1
183779,0
183780,0
183781,0
183782,0
183783,0
183784,1
183785,0
183786,0
183787,1
183788,1
183789,0
183790,0
183791,0
183792,1
183793,1
183794,0
183795,1
183796,0
183797,0
183798,0
183799,0
183800,0
183801,0
183802,1
183803,0
183804,0
183805,0
183806,0
183807,0
183808,1
183809,0
183810,1
183811,0
183812,0
183813,1
183814,0
183815,1
183816,0
183817,1
183818,1
183819,0
183820,1
183821,0
183822,1
183823,0
183824,0
183825,1
183826,0
183827,1
183828,1
183829,1
183830,0
183831,0
183832,0
183833,0
183834,1
183835,0
183836,0
183837,1
183838,0
183839,0
183840,0
183841,1
183842,0
183843,1
183844,0
183845,0
183846,0
183847,0
183848,0
183849,1
183850,0
183851,0
183852,0
183853,1
183854,0
183855,0
183856,0
183857,1
183858,1
183859,0
183860,1
183861,1
183862,0
183863,0
183864,0
183865,0
183866,0
183867,1
183868,0
183869,0
183870,0
183871,0
183872,0
183873,1
183874,1
183875,1
183876,1
183877,0
183878,0
183879,1
183880,1
183881,0
183882,1
183883,0
183884,0
183885,0
183886,0
183887,0
183888,0
183889,0
183890,0
183891,0
183892,0
183893,0
183894,0
183895,0
183896,0
183897,0
183898,0
183899,1
183900,1
183901,0
183902,0
183903,0
183904,0
183905,0
183906,0
183907,0
183908,1
183909,0
183910,0
183911,0
183912,0
183913,0
183914,0
183915,0
183916,0
183917,1
183918,1
183919,0
183920,0
183921,0
183922,1
183923,0
183924,1
183925,0
183926,0
183927,0
183928,0
183929,0
183930,0
183931,0
183932,0
183933,0
183934,0
183935,0
183936,0
183937,0
183938,0
183939,0
183940,0
183941,1
183942,0
183943,1
183944,0
183945,1
183946,1
183947,1
183948,0
183949,1
183950,1
183951,1
183952,1
183953,0
183954,0
183955,0
183956,0
183957,0
183958,0
183959,0
183960,0
183961,0
183962,0
183963,1
183964,1
183965,0
183966,1
183967,1
183968,1
183969,1
183970,0
183971,1
183972,0
183973,1
183974,1
183975,1
183976,0
183977,1
183978,0
183979,1
183980,1
183981,1
183982,1
183983,1
183984,0
183985,1
183986,1
183987,1
183988,1
183989,0
183990,1
183991,1
183992,1
183993,1
183994,0
183995,0
183996,1
183997,0
183998,1
183999,0
184000,0
184001,0
184002,1
184003,1
184004,0
184005,0
184006,1
184007,0
184008,0
184009,0
184010,1
184011,0
184012,1
184013,0
184014,0
184015,1
184016,0
184017,1
184018,0
184019,0
184020,1
184021,0
184022,1
184023,0
184024,0
184025,0
184026,0
184027,1
184028,0
184029,0
184030,0
184031,1
184032,1
184033,0
184034,0
184035,0
184036,1
184037,0
184038,1
184039,0
184040,0
184041,0
184042,0
184043,0
184044,1
184045,0
184046,0
184047,1
184048,1
184049,0
184050,0
184051,0
184052,1
184053,1
184054,1
184055,1
184056,0
184057,0
184058,0
184059,0
184060,0
184061,1
184062,1
184063,0
184064,0
184065,0
184066,0
184067,1
184068,1
184069,0
184070,1
184071,1
184072,1
184073,1
184074,0
184075,1
184076,0
184077,1
184078,1
184079,0
184080,1
184081,0
184082,1
184083,0
184084,0
184085,1
184086,0
184087,1
184088,1
184089,1
184090,0
184091,0
184092,1
184093,0
184094,0
184095,0
184096,0
184097,1
184098,0
184099,0
184100,0
184101,1
184102,0
184103,1
184104,0
184105,0
184106,1
184107,0
184108,0
184109,1
184110,0
184111,0
184112,0
184113,1
184114,0
184115,0
184116,0
184117,1
184118,1
184119,0
184120,1
184121,0
184122,0
184123,0
184124,0
184125,0
184126,0
184127,1
184128,0
184129,1
184130,0
184131,0
184132,0
184133,1
184134,0
184135,1
184136,1
184137,1
184138,0
184139,1
184140,1
184141,0
184142,1
184143,1
184144,0
184145,1
184146,0
184147,1
184148,0
184149,1
184150,0
184151,0
184152,1
184153,1
184154,1
184155,0
184156,0
184157,1
184158,0
184159,0
184160,0
184161,1
184162,1
184163,0
184164,0
184165,1
184166,1
184167,0
184168,1
184169,0
184170,0
184171,1
184172,0
184173,0
184174,1
184175,0
184176,0
184177,1
184178,1
184179,0
184180,0
184181,0
184182,1
184183,0
184184,0
184185,1
184186,0
184187,0
184188,0
184189,1
184190,0
184191,1
184192,1
184193,0
184194,1
184195,0
184196,0
184197,1
184198,1
184199,0
184200,1
184201,0
184202,1
184203,0
184204,0
184205,1
184206,0
184207,1
184208,0
184209,0
184210,1
184211,0
184212,1
184213,0
184214,0
184215,0
184216,1
184217,1
184218,0
184219,1
184220,0
184221,0
184222,1
184223,0
184224,0
184225,0
184226,1
184227,1
184228,0
184229,0
184230,0
184231,1
184232,0
184233,1
184234,0
184235,0
184236,0
184237,0
184238,1
184239,1
184240,1
184241,0
184242,1
184243,1
184244,1
184245,0
184246,0
184247,1
184248,0
184249,1
184250,1
184251,0
184252,0
184253,0
184254,0
184255,0
184256,0
184257,1
184258,0
184259,0
184260,0
184261,0
184262,0
184263,0
184264,0
184265,1
184266,1
184267,1
184268,1
184269,0
184270,1
184271,0
184272,1
184273,0
184274,0
184275,0
184276,0
184277,0
184278,0
184279,0
184280,1
184281,0
184282,1
184283,0
184284,1
184285,0
184286,0
184287,0
184288,0
184289,0
184290,0
184291,0
184292,0
184293,0
184294,0
184295,0
184296,0
184297,0
184298,1
184299,0
184300,0
184301,1
184302,0
184303,1
184304,1
184305,1
184306,1
184307,0
184308,1
184309,0
184310,0
184311,0
184312,0
184313,0
184314,1
184315,1
184316,0
184317,1
184318,0
184319,0
184320,0
184321,0
184322,1
184323,0
184324,1
184325,0
184326,0
184327,0
184328,1
184329,0
184330,1
184331,1
184332,0
184333,0
184334,1
184335,1
184336,0
184337,1
184338,0
184339,0
184340,1
184341,0
184342,0
184343,0
184344,0
184345,1
184346,0
184347,1
184348,0
184349,0
184350,0
184351,0
184352,1
184353,0
184354,0
184355,0
184356,0
184357,1
184358,0
184359,1
184360,0
184361,0
184362,0
184363,1
184364,0
184365,0
184366,0
184367,0
184368,0
184369,1
184370,0
184371,1
184372,1
184373,1
184374,0
184375,0
184376,0
184377,1
184378,1
184379,1
184380,1
184381,0
184382,1
184383,0
184384,0
184385,0
184386,1
184387,1
184388,0
184389,0
184390,0
184391,0
184392,1
184393,1
184394,0
184395,1
184396,1
184397,0
184398,1
184399,1
184400,1
184401,0
184402,1
184403,0
184404,0
184405,1
184406,0
184407,1
184408,0
184409,0
184410,0
184411,0
184412,1
184413,0
184414,0
184415,0
184416,0
184417,1
184418,0
184419,0
184420,0
184421,0
184422,0
184423,0
184424,0
184425,0
184426,1
184427,0
184428,1
184429,0
184430,0
184431,0
184432,0
184433,1
184434,1
184435,1
184436,1
184437,0
184438,1
184439,0
184440,0
184441,0
184442,1
184443,0
184444,1
184445,1
184446,0
184447,1
184448,0
184449,0
184450,0
184451,1
184452,1
184453,0
184454,1
184455,0
184456,0
184457,1
184458,1
184459,0
184460,1
184461,1
184462,0
184463,1
184464,0
184465,1
184466,0
184467,1
184468,0
184469,0
184470,1
184471,0
184472,1
184473,0
184474,0
184475,1
184476,0
184477,0
184478,0
184479,0
184480,0
184481,0
184482,0
184483,0
184484,0
184485,0
184486,1
184487,1
184488,0
184489,0
184490,0
184491,1
184492,0
184493,1
184494,0
184495,0
184496,0
184497,0
184498,0
184499,1
184500,0
184501,1
184502,1
184503,1
184504,0
184505,0
184506,0
184507,1
184508,1
184509,1
184510,1
184511,0
184512,1
184513,0
184514,0
184515,0
184516,1
184517,1
184518,1
184519,1
184520,0
184521,0
184522,1
184523,1
184524,0
184525,1
184526,1
184527,1
184528,1
184529,0
184530,1
184531,0
184532,1
184533,0
184534,0
184535,1
184536,0
184537,1
184538,1
184539,1
184540,0
184541,1
184542,1
184543,0
184544,0
184545,0
184546,0
184547,1
184548,1
184549,0
184550,0
184551,1
184552,1
184553,0
184554,0
184555,0
184556,0
184557,0
184558,1
184559,1
184560,1
184561,0
184562,1
184563,0
184564,1
184565,0
184566,0
184567,1
184568,1
184569,0
184570,0
184571,1
184572,0
184573,1
184574,1
184575,1
184576,0
184577,0
184578,1
184579,0
184580,0
184581,1
184582,1
184583,0
184584,0
184585,0
184586,0
184587,1
184588,0
184589,1
184590,0
184591,1
184592,1
184593,1
184594,0
184595,1
184596,1
184597,1
184598,0
184599,0
184600,1
184601,0
184602,1
184603,0
184604,0
184605,1
184606,0
184607,1
184608,1
184609,1
184610,1
184611,1
184612,1
184613,0
184614,1
184615,0
184616,0
184617,1
184618,1
184619,1
184620,1
184621,0
184622,0
184623,1
184624,0
184625,0
184626,1
184627,0
184628,0
184629,1
184630,0
184631,1
184632,1
184633,1
184634,1
184635,0
184636,0
184637,1
184638,1
184639,0
184640,1
184641,1
184642,1
184643,1
184644,1
184645,0
184646,1
184647,1
184648,1
184649,1
184650,0
184651,0
184652,1
184653,1
184654,1
184655,1
184656,1
184657,1
184658,0
184659,1
184660,1
184661,0
184662,1
184663,1
184664,0
184665,1
184666,1
184667,1
184668,1
184669,0
184670,0
184671,0
184672,0
184673,0
184674,0
184675,0
184676,0
184677,0
184678,0
184679,0
184680,0
184681,1
184682,1
184683,0
184684,1
184685,0
184686,0
184687,0
184688,1
184689,0
184690,1
184691,0
184692,0
184693,1
184694,1
184695,0
184696,1
184697,1
184698,1
184699,0
184700,0
184701,0
184702,1
184703,1
184704,1
184705,1
184706,0
184707,1
184708,0
184709,0
184710,0
184711,1
184712,1
184713,0
184714,0
184715,0
184716,0
184717,1
184718,1
184719,0
184720,1
184721,1
184722,1
184723,1
184724,0
184725,1
184726,0
184727,1
184728,0
184729,0
184730,1
184731,0
184732,1
184733,0
184734,0
184735,0
184736,0
184737,1
184738,1
184739,1
184740,0
184741,0
184742,1
184743,1
184744,1
184745,0
184746,0
184747,0
184748,0
184749,0
184750,0
184751,0
184752,0
184753,1
184754,0
184755,0
184756,1
184757,0
184758,1
184759,1
184760,0
184761,0
184762,0
184763,1
184764,0
184765,1
184766,1
184767,1
184768,1
184769,0
184770,1
184771,0
184772,0
184773,0
184774,0
184775,1
184776,0
184777,1
184778,0
184779,1
184780,0
184781,0
184782,0
184783,1
184784,0
184785,1
184786,0
184787,0
184788,0
184789,0
184790,1
184791,0
184792,1
184793,1
184794,0
184795,1
184796,0
184797,1
184798,0
184799,0
184800,1
184801,0
184802,0
184803,0
184804,1
184805,0
184806,0
184807,0
184808,0
184809,1
184810,1
184811,1
184812,0
184813,0
184814,1
184815,0
184816,1
184817,0
184818,1
184819,0
184820,1
184821,1
184822,0
184823,0
184824,1
184825,0
184826,0
184827,1
184828,1
184829,0
184830,0
184831,0
184832,1
184833,1
184834,0
184835,0
184836,0
184837,0
184838,0
184839,0
184840,0
184841,1
184842,1
184843,0
184844,1
184845,0
184846,0
184847,0
184848,1
184849,0
184850,1
184851,0
184852,1
184853,0
184854,1
184855,1
184856,0
184857,1
184858,0
184859,1
184860,1
184861,0
184862,0
184863,0
184864,0
184865,0
184866,1
184867,1
184868,0
184869,0
184870,0
184871,0
184872,1
184873,0
184874,1
184875,0
184876,0
184877,1
184878,0
184879,0
184880,0
184881,1
184882,0
184883,1
184884,0
184885,0
184886,0
184887,0
184888,0
184889,1
184890,0
184891,1
184892,0
184893,1
184894,0
184895,0
184896,0
184897,1
184898,1
184899,1
184900,1
184901,1
184902,1
184903,0
184904,0
184905,0
184906,0
184907,1
184908,0
184909,1
184910,0
184911,0
184912,0
184913,1
184914,0
184915,1
184916,1
184917,0
184918,0
184919,1
184920,1
184921,0
184922,1
184923,1
184924,0
184925,1
184926,0
184927,1
184928,0
184929,0
184930,1
184931,1
184932,1
184933,1
184934,1
184935,0
184936,0
184937,1
184938,0
184939,0
184940,0
184941,0
184942,1
184943,0
184944,0
184945,0
184946,1
184947,0
184948,1
184949,0
184950,0
184951,1
184952,0
184953,1
184954,1
184955,1
184956,1
184957,1
184958,1
184959,1
184960,0
184961,1
184962,1
184963,0
184964,1
184965,1
184966,0
184967,0
184968,0
184969,0
184970,0
184971,0
184972,1
184973,0
184974,1
184975,0
184976,0
184977,0
184978,1
184979,0
184980,1
184981,1
184982,1
184983,1
184984,0
184985,1
184986,0
184987,1
184988,1
184989,0
184990,0
184991,0
184992,0
184993,0
184994,0
184995,0
184996,1
184997,1
184998,0
184999,1
185000,0
185001,0
185002,1
185003,0
185004,1
185005,0
185006,0
185007,0
185008,0
185009,0
185010,0
185011,1
185012,0
185013,1
185014,0
185015,0
185016,1
185017,0
185018,1
185019,1
185020,0
185021,0
185022,0
185023,1
185024,0
185025,0
185026,0
185027,1
185028,1
185029,0
185030,1
185031,0
185032,0
185033,0
185034,0
185035,0
185036,0
185037,1
185038,0
185039,1
185040,0
185041,0
185042,0
185043,1
185044,0
185045,1
185046,0
185047,0
185048,0
185049,0
185050,1
185051,0
185052,1
185053,0
185054,0
185055,1
185056,0
185057,1
185058,0
185059,0
185060,1
185061,0
185062,1
185063,0
185064,1
185065,0
185066,0
185067,0
185068,0
185069,1
185070,0
185071,0
185072,0
185073,0
185074,0
185075,0
185076,1
185077,0
185078,1
185079,0
185080,0
185081,1
185082,0
185083,0
185084,1
185085,0
185086,1
185087,1
185088,1
185089,0
185090,0
185091,0
185092,1
185093,1
185094,0
185095,1
185096,0
185097,0
185098,0
185099,0
185100,0
185101,1
185102,1
185103,0
185104,0
185105,0
185106,0
185107,1
185108,1
185109,0
185110,1
185111,0
185112,1
185113,0
185114,0
185115,1
185116,0
185117,1
185118,0
185119,0
185120,1
185121,0
185122,1
185123,0
185124,0
185125,0
185126,1
185127,1
185128,0
185129,0
185130,0
185131,0
185132,1
185133,0
185134,0
185135,0
185136,0
185137,1
185138,0
185139,0
185140,0
185141,1
185142,0
185143,1
185144,0
185145,0
185146,0
185147,0
185148,0
185149,1
185150,0
185151,0
185152,0
185153,1
185154,0
185155,0
185156,1
185157,1
185158,1
185159,1
185160,1
185161,0
185162,0
185163,0
185164,0
185165,0
185166,0
185167,1
185168,0
185169,1
185170,0
185171,0
185172,1
185173,1
185174,0
185175,1
185176,1
185177,1
185178,1
185179,0
185180,1
185181,0
185182,1
185183,0
185184,0
185185,1
185186,0
185187,1
185188,0
185189,0
185190,1
185191,1
185192,1
185193,0
185194,0
185195,0
185196,0
185197,1
185198,0
185199,0
185200,0
185201,1
185202,1
185203,0
185204,0
185205,0
185206,1
185207,0
185208,1
185209,0
185210,0
185211,0
185212,0
185213,0
185214,1
185215,0
185216,0
185217,1
185218,1
185219,0
185220,0
185221,0
185222,1
185223,1
185224,1
185225,1
185226,0
185227,1
185228,0
185229,0
185230,0
185231,1
185232,1
185233,0
185234,1
185235,0
185236,0
185237,1
185238,1
185239,0
185240,1
185241,1
185242,0
185243,0
185244,0
185245,1
185246,0
185247,1
185248,1
185249,0
185250,1
185251,0
185252,0
185253,0
185254,0
185255,1
185256,1
185257,0
185258,0
185259,0
185260,1
185261,0
185262,1
185263,0
185264,1
185265,0
185266,0
185267,0
185268,1
185269,1
185270,0
185271,0
185272,0
185273,1
185274,0
185275,0
185276,0
185277,0
185278,0
185279,1
185280,0
185281,1
185282,1
185283,1
185284,0
185285,0
185286,0
185287,1
185288,1
185289,0
185290,1
185291,0
185292,1
185293,0
185294,0
185295,0
185296,1
185297,1
185298,1
185299,0
185300,0
185301,0
185302,1
185303,1
185304,1
185305,1
185306,1
185307,0
185308,0
185309,1
185310,1
185311,0
185312,1
185313,1
185314,1
185315,1
185316,0
185317,1
185318,0
185319,0
185320,1
185321,0
185322,1
185323,0
185324,0
185325,0
185326,0
185327,1
185328,0
185329,0
185330,0
185331,1
185332,1
185333,0
185334,0
185335,0
185336,1
185337,0
185338,1
185339,0
185340,0
185341,0
185342,0
185343,1
185344,1
185345,1
185346,1
185347,1
185348,1
185349,0
185350,0
185351,1
185352,1
185353,1
185354,0
185355,0
185356,0
185357,0
185358,0
185359,1
185360,0
185361,1
185362,1
185363,0
185364,1
185365,0
185366,0
185367,1
185368,1
185369,1
185370,1
185371,1
185372,0
185373,1
185374,0
185375,1
185376,0
185377,1
185378,0
185379,0
185380,1
185381,0
185382,1
185383,0
185384,0
185385,0
185386,1
185387,1
185388,0
185389,1
185390,0
185391,0
185392,1
185393,0
185394,0
185395,0
185396,0
185397,1
185398,0
185399,0
185400,0
185401,1
185402,1
185403,1
185404,0
185405,0
185406,1
185407,0
185408,1
185409,1
185410,1
185411,1
185412,0
185413,1
185414,1
185415,0
185416,0
185417,0
185418,0
185419,1
185420,1
185421,0
185422,1
185423,0
185424,0
185425,0
185426,0
185427,1
185428,0
185429,1
185430,0
185431,0
185432,1
185433,1
185434,1
185435,1
185436,1
185437,1
185438,0
185439,0
185440,1
185441,0
185442,1
185443,1
185444,0
185445,1
185446,0
185447,1
185448,0
185449,0
185450,1
185451,0
185452,0
185453,1
185454,1
185455,0
185456,0
185457,1
185458,0
185459,0
185460,0
185461,0
185462,1
185463,0
185464,0
185465,0
185466,1
185467,0
185468,1
185469,0
185470,0
185471,1
185472,0
185473,0
185474,1
185475,1
185476,1
185477,1
185478,1
185479,1
185480,1
185481,0
185482,1
185483,1
185484,1
185485,1
185486,0
185487,1
185488,0
185489,0
185490,0
185491,1
185492,1
185493,1
185494,1
185495,0
185496,0
185497,1
185498,1
185499,0
185500,1
185501,1
185502,1
185503,1
185504,1
185505,1
185506,0
185507,1
185508,1
185509,0
185510,1
185511,0
185512,1
185513,0
185514,0
185515,1
185516,1
185517,1
185518,0
185519,0
185520,0
185521,0
185522,1
185523,0
185524,0
185525,0
185526,1
185527,1
185528,0
185529,0
185530,0
185531,1
185532,0
185533,1
185534,0
185535,0
185536,0
185537,0
185538,1
185539,1
185540,1
185541,1
185542,1
185543,1
185544,0
185545,0
185546,0
185547,1
185548,1
185549,1
185550,1
185551,0
185552,1
185553,0
185554,0
185555,0
185556,1
185557,1
185558,0
185559,0
185560,0
185561,0
185562,1
185563,1
185564,0
185565,1
185566,1
185567,0
185568,1
185569,0
185570,1
185571,0
185572,1
185573,1
185574,0
185575,1
185576,0
185577,1
185578,0
185579,0
185580,0
185581,1
185582,1
185583,1
185584,1
185585,1
185586,0
185587,1
185588,0
185589,0
185590,0
185591,0
185592,1
185593,0
185594,0
185595,0
185596,1
185597,0
185598,1
185599,0
185600,0
185601,1
185602,0
185603,0
185604,1
185605,0
185606,1
185607,0
185608,1
185609,1
185610,0
185611,0
185612,1
185613,1
185614,0
185615,1
185616,0
185617,0
185618,0
185619,1
185620,0
185621,0
185622,1
185623,0
185624,1
185625,0
185626,0
185627,1
185628,1
185629,1
185630,1
185631,0
185632,1
185633,0
185634,0
185635,1
185636,0
185637,1
185638,1
185639,0
185640,1
185641,0
185642,1
185643,0
185644,0
185645,1
185646,1
185647,1
185648,1
185649,1
185650,0
185651,0
185652,1
185653,0
185654,0
185655,1
185656,0
185657,1
185658,0
185659,0
185660,0
185661,1
185662,1
185663,1
185664,0
185665,0
185666,1
185667,0
185668,1
185669,1
185670,1
185671,1
185672,0
185673,1
185674,0
185675,1
185676,1
185677,1
185678,1
185679,0
185680,1
185681,0
185682,0
185683,0
185684,1
185685,0
185686,0
185687,1
185688,0
185689,1
185690,0
185691,0
185692,0
185693,1
185694,0
185695,1
185696,1
185697,1
185698,0
185699,0
185700,1
185701,0
185702,1
185703,1
185704,0
185705,1
185706,0
185707,1
185708,0
185709,0
185710,0
185711,1
185712,1
185713,0
185714,1
185715,1
185716,0
185717,1
185718,1
185719,1
185720,0
185721,1
185722,1
185723,0
185724,0
185725,0
185726,1
185727,0
185728,1
185729,1
185730,1
185731,0
185732,0
185733,1
185734,1
185735,1
185736,0
185737,1
185738,1
185739,0
185740,1
185741,1
185742,1
185743,1
185744,0
185745,1
185746,0
185747,1
185748,1
185749,0
185750,1
185751,1
185752,1
185753,0
185754,0
185755,0
185756,0
185757,1
185758,1
185759,0
185760,1
185761,1
185762,1
185763,1
185764,0
185765,1
185766,0
185767,1
185768,1
185769,0
185770,0
185771,1
185772,0
185773,1
185774,0
185775,1
185776,0
185777,0
185778,0
185779,0
185780,1
185781,1
185782,0
185783,1
185784,1
185785,1
185786,0
185787,0
185788,1
185789,1
185790,0
185791,0
185792,0
185793,1
185794,1
185795,1
185796,0
185797,1
185798,0
185799,0
185800,0
185801,1
185802,1
185803,0
185804,0
185805,1
185806,0
185807,1
185808,1
185809,0
185810,0
185811,1
185812,1
185813,1
185814,0
185815,0
185816,1
185817,0
185818,1
185819,0
185820,0
185821,0
185822,1
185823,0
185824,0
185825,0
185826,0
185827,0
185828,1
185829,0
185830,1
185831,1
185832,0
185833,0
185834,1
185835,1
185836,0
185837,1
185838,0
185839,0
185840,1
185841,0
185842,1
185843,0
185844,1
185845,0
185846,0
185847,1
185848,0
185849,0
185850,0
185851,0
185852,1
185853,0
185854,0
185855,0
185856,1
185857,0
185858,1
185859,0
185860,0
185861,1
185862,0
185863,0
185864,1
185865,0
185866,0
185867,0
185868,1
185869,0
185870,0
185871,0
185872,1
185873,1
185874,1
185875,1
185876,0
185877,0
185878,0
185879,0
185880,0
185881,0
185882,1
185883,0
185884,1
185885,0
185886,0
185887,1
185888,1
185889,1
185890,1
185891,1
185892,0
185893,1
185894,0
185895,1
185896,0
185897,1
185898,1
185899,0
185900,0
185901,1
185902,0
185903,0
185904,0
185905,0
185906,1
185907,1
185908,0
185909,0
185910,1
185911,0
185912,1
185913,0
185914,1
185915,1
185916,0
185917,0
185918,1
185919,1
185920,0
185921,1
185922,0
185923,1
185924,0
185925,1
185926,0
185927,0
185928,1
185929,0
185930,0
185931,1
185932,1
185933,0
185934,0
185935,0
185936,1
185937,1
185938,1
185939,1
185940,1
185941,0
185942,1
185943,0
185944,0
185945,0
185946,1
185947,0
185948,0
185949,0
185950,0
185951,0
185952,1
185953,0
185954,0
185955,0
185956,1
185957,1
185958,1
185959,0
185960,1
185961,1
185962,1
185963,1
185964,1
185965,1
185966,0
185967,1
185968,0
185969,0
185970,0
185971,1
185972,1
185973,0
185974,0
185975,0
185976,0
185977,0
185978,0
185979,0
185980,0
185981,0
185982,1
185983,0
185984,0
185985,0
185986,1
185987,0
185988,1
185989,0
185990,0
185991,0
185992,0
185993,0
185994,1
185995,0
185996,0
185997,1
185998,1
185999,0
186000,0
186001,0
186002,1
186003,1
186004,0
186005,1
186006,0
186007,0
186008,0
186009,0
186010,0
186011,0
186012,1
186013,0
186014,0
186015,0
186016,0
186017,1
186018,1
186019,0
186020,1
186021,1
186022,1
186023,1
186024,0
186025,1
186026,0
186027,1
186028,0
186029,0
186030,1
186031,0
186032,1
186033,0
186034,0
186035,0
186036,0
186037,1
186038,0
186039,0
186040,0
186041,0
186042,1
186043,0
186044,0
186045,0
186046,1
186047,0
186048,0
186049,0
186050,0
186051,0
186052,0
186053,1
186054,0
186055,0
186056,0
186057,0
186058,1
186059,1
186060,0
186061,0
186062,1
186063,1
186064,0
186065,0
186066,0
186067,1
186068,1
186069,1
186070,1
186071,0
186072,0
186073,0
186074,0
186075,0
186076,0
186077,1
186078,0
186079,0
186080,0
186081,0
186082,1
186083,0
186084,0
186085,1
186086,1
186087,1
186088,1
186089,0
186090,1
186091,0
186092,1
186093,1
186094,0
186095,1
186096,0
186097,1
186098,0
186099,0
186100,0
186101,1
186102,1
186103,1
186104,1
186105,0
186106,0
186107,1
186108,0
186109,0
186110,0
186111,1
186112,1
186113,0
186114,0
186115,0
186116,1
186117,0
186118,1
186119,0
186120,0
186121,1
186122,0
186123,1
186124,1
186125,1
186126,0
186127,1
186128,1
186129,1
186130,0
186131,0
186132,1
186133,1
186134,1
186135,1
186136,1
186137,0
186138,0
186139,1
186140,0
186141,0
186142,1
186143,0
186144,1
186145,0
186146,0
186147,1
186148,1
186149,1
186150,1
186151,1
186152,1
186153,1
186154,0
186155,1
186156,0
186157,1
186158,1
186159,0
186160,1
186161,0
186162,1
186163,1
186164,0
186165,1
186166,0
186167,1
186168,1
186169,1
186170,0
186171,0
186172,1
186173,1
186174,1
186175,0
186176,1
186177,1
186178,0
186179,0
186180,0
186181,1
186182,0
186183,1
186184,1
186185,0
186186,0
186187,0
186188,1
186189,1
186190,1
186191,0
186192,1
186193,1
186194,0
186195,1
186196,1
186197,1
186198,1
186199,1
186200,1
186201,0
186202,0
186203,1
186204,0
186205,0
186206,0
186207,1
186208,0
186209,0
186210,0
186211,0
186212,1
186213,1
186214,0
186215,1
186216,0
186217,1
186218,1
186219,0
186220,1
186221,0
186222,1
186223,1
186224,0
186225,1
186226,0
186227,1
186228,0
186229,0
186230,1
186231,1
186232,1
186233,0
186234,1
186235,0
186236,0
186237,1
186238,0
186239,0
186240,0
186241,0
186242,1
186243,0
186244,1
186245,0
186246,1
186247,0
186248,1
186249,0
186250,0
186251,1
186252,0
186253,1
186254,1
186255,1
186256,1
186257,1
186258,1
186259,0
186260,0
186261,0
186262,1
186263,1
186264,1
186265,1
186266,1
186267,1
186268,0
186269,0
186270,0
186271,1
186272,1
186273,0
186274,1
186275,0
186276,0
186277,1
186278,1
186279,0
186280,1
186281,1
186282,1
186283,0
186284,0
186285,1
186286,0
186287,1
186288,1
186289,0
186290,0
186291,0
186292,0
186293,0
186294,0
186295,1
186296,0
186297,1
186298,0
186299,0
186300,0
186301,0
186302,1
186303,1
186304,1
186305,1
186306,0
186307,1
186308,0
186309,1
186310,0
186311,1
186312,0
186313,1
186314,0
186315,0
186316,0
186317,1
186318,0
186319,1
186320,0
186321,1
186322,0
186323,1
186324,0
186325,0
186326,0
186327,1
186328,1
186329,1
186330,1
186331,0
186332,0
186333,1
186334,0
186335,0
186336,0
186337,1
186338,0
186339,1
186340,0
186341,0
186342,0
186343,1
186344,0
186345,1
186346,1
186347,0
186348,1
186349,0
186350,1
186351,1
186352,1
186353,0
186354,1
186355,1
186356,1
186357,0
186358,0
186359,1
186360,0
186361,0
186362,1
186363,0
186364,0
186365,1
186366,1
186367,0
186368,1
186369,1
186370,0
186371,0
186372,1
186373,1
186374,1
186375,0
186376,0
186377,0
186378,1
186379,0
186380,0
186381,0
186382,0
186383,0
186384,0
186385,0
186386,1
186387,0
186388,1
186389,0
186390,0
186391,0
186392,1
186393,1
186394,1
186395,0
186396,1
186397,1
186398,1
186399,0
186400,0
186401,0
186402,0
186403,1
186404,0
186405,0
186406,1
186407,1
186408,0
186409,1
186410,0
186411,1
186412,0
186413,1
186414,1
186415,1
186416,0
186417,1
186418,1
186419,1
186420,1
186421,0
186422,1
186423,1
186424,0
186425,0
186426,1
186427,1
186428,1
186429,1
186430,0
186431,0
186432,1
186433,0
186434,0
186435,0
186436,0
186437,1
186438,0
186439,0
186440,0
186441,1
186442,0
186443,1
186444,0
186445,0
186446,0
186447,0
186448,1
186449,1
186450,1
186451,1
186452,0
186453,1
186454,1
186455,0
186456,1
186457,1
186458,1
186459,1
186460,1
186461,1
186462,1
186463,0
186464,0
186465,0
186466,1
186467,1
186468,1
186469,0
186470,0
186471,0
186472,1
186473,1
186474,0
186475,1
186476,1
186477,1
186478,1
186479,0
186480,1
186481,0
186482,1
186483,1
186484,0
186485,1
186486,0
186487,1
186488,0
186489,0
186490,1
186491,1
186492,1
186493,1
186494,1
186495,0
186496,0
186497,1
186498,0
186499,0
186500,0
186501,0
186502,1
186503,0
186504,0
186505,0
186506,1
186507,0
186508,1
186509,0
186510,0
186511,1
186512,0
186513,1
186514,1
186515,1
186516,1
186517,1
186518,1
186519,1
186520,0
186521,0
186522,1
186523,1
186524,1
186525,1
186526,1
186527,1
186528,0
186529,0
186530,0
186531,1
186532,1
186533,0
186534,1
186535,0
186536,0
186537,1
186538,1
186539,0
186540,1
186541,1
186542,1
186543,0
186544,1
186545,1
186546,0
186547,1
186548,0
186549,0
186550,1
186551,0
186552,1
186553,0
186554,0
186555,0
186556,0
186557,1
186558,0
186559,0
186560,0
186561,0
186562,1
186563,0
186564,1
186565,0
186566,0
186567,1
186568,0
186569,0
186570,0
186571,1
186572,0
186573,1
186574,0
186575,0
186576,1
186577,0
186578,0
186579,1
186580,0
186581,0
186582,1
186583,1
186584,0
186585,0
186586,0
186587,1
186588,1
186589,1
186590,1
186591,0
186592,0
186593,0
186594,0
186595,0
186596,0
186597,1
186598,0
186599,1
186600,0
186601,0
186602,1
186603,1
186604,0
186605,1
186606,1
186607,1
186608,1
186609,0
186610,1
186611,0
186612,1
186613,1
186614,0
186615,1
186616,0
186617,1
186618,0
186619,0
186620,1
186621,1
186622,1
186623,1
186624,1
186625,0
186626,0
186627,1
186628,0
186629,1
186630,1
186631,0
186632,1
186633,0
186634,0
186635,0
186636,1
186637,0
186638,1
186639,0
186640,0
186641,1
186642,0
186643,0
186644,1
186645,1
186646,1
186647,0
186648,1
186649,1
186650,1
186651,0
186652,1
186653,1
186654,1
186655,1
186656,1
186657,0
186658,1
186659,1
186660,0
186661,0
186662,1
186663,0
186664,1
186665,1
186666,0
186667,1
186668,1
186669,1
186670,1
186671,1
186672,1
186673,0
186674,1
186675,1
186676,0
186677,1
186678,1
186679,1
186680,1
186681,0
186682,1
186683,0
186684,0
186685,1
186686,0
186687,0
186688,0
186689,0
186690,0
186691,0
186692,0
186693,0
186694,0
186695,0
186696,1
186697,1
186698,1
186699,1
186700,1
186701,0
186702,0
186703,1
186704,0
186705,0
186706,0
186707,0
186708,0
186709,0
186710,0
186711,1
186712,1
186713,0
186714,1
186715,0
186716,0
186717,0
186718,1
186719,1
186720,1
186721,1
186722,1
186723,0
186724,0
186725,0
186726,1
186727,1
186728,0
186729,0
186730,0
186731,0
186732,1
186733,1
186734,0
186735,0
186736,1
186737,0
186738,0
186739,1
186740,1
186741,0
186742,1
186743,0
186744,0
186745,1
186746,0
186747,0
186748,0
186749,0
186750,0
186751,0
186752,0
186753,0
186754,0
186755,0
186756,0
186757,0
186758,0
186759,0
186760,0
186761,0
186762,1
186763,1
186764,1
186765,0
186766,1
186767,0
186768,1
186769,0
186770,0
186771,0
186772,0
186773,0
186774,0
186775,0
186776,1
186777,1
186778,1
186779,0
186780,0
186781,0
186782,1
186783,0
186784,1
186785,1
186786,0
186787,1
186788,0
186789,0
186790,0
186791,1
186792,0
186793,0
186794,0
186795,0
186796,0
186797,1
186798,1
186799,0
186800,0
186801,1
186802,0
186803,1
186804,1
186805,1
186806,0
186807,1
186808,0
186809,0
186810,1
186811,0
186812,1
186813,0
186814,0
186815,0
186816,0
186817,1
186818,0
186819,0
186820,0
186821,0
186822,1
186823,0
186824,0
186825,0
186826,0
186827,1
186828,0
186829,0
186830,0
186831,1
186832,0
186833,1
186834,0
186835,0
186836,0
186837,0
186838,1
186839,1
186840,1
186841,0
186842,1
186843,1
186844,0
186845,0
186846,1
186847,1
186848,1
186849,1
186850,1
186851,0
186852,0
186853,0
186854,0
186855,0
186856,0
186857,1
186858,0
186859,0
186860,0
186861,0
186862,1
186863,1
186864,0
186865,1
186866,1
186867,1
186868,0
186869,0
186870,1
186871,0
186872,1
186873,1
186874,0
186875,1
186876,0
186877,1
186878,0
186879,0
186880,0
186881,1
186882,1
186883,0
186884,1
186885,1
186886,0
186887,0
186888,0
186889,1
186890,0
186891,1
186892,1
186893,0
186894,0
186895,0
186896,1
186897,0
186898,1
186899,0
186900,0
186901,0
186902,0
186903,0
186904,1
186905,0
186906,0
186907,1
186908,1
186909,0
186910,0
186911,0
186912,1
186913,1
186914,1
186915,1
186916,1
186917,0
186918,0
186919,0
186920,0
186921,0
186922,1
186923,0
186924,0
186925,0
186926,0
186927,0
186928,1
186929,0
186930,1
186931,0
186932,1
186933,0
186934,0
186935,1
186936,1
186937,1
186938,1
186939,0
186940,1
186941,1
186942,1
186943,0
186944,0
186945,0
186946,0
186947,0
186948,0
186949,0
186950,0
186951,0
186952,0
186953,1
186954,0
186955,1
186956,1
186957,0
186958,0
186959,1
186960,0
186961,0
186962,0
186963,0
186964,0
186965,0
186966,0
186967,1
186968,0
186969,0
186970,0
186971,0
186972,1
186973,1
186974,0
186975,1
186976,0
186977,1
186978,0
186979,0
186980,0
186981,0
186982,0
186983,1
186984,0
186985,0
186986,1
186987,1
186988,0
186989,0
186990,0
186991,0
186992,1
186993,1
186994,1
186995,1
186996,0
186997,0
186998,0
186999,0
187000,1
187001,1
187002,0
187003,0
187004,0
187005,1
187006,0
187007,0
187008,0
187009,1
187010,0
187011,1
187012,1
187013,0
187014,0
187015,1
187016,1
187017,1
187018,1
187019,0
187020,0
187021,0
187022,1
187023,1
187024,1
187025,1
187026,0
187027,0
187028,1
187029,1
187030,0
187031,0
187032,0
187033,0
187034,1
187035,0
187036,1
187037,1
187038,1
187039,0
187040,0
187041,0
187042,1
187043,0
187044,1
187045,1
187046,1
187047,1
187048,0
187049,1
187050,0
187051,1
187052,1
187053,0
187054,0
187055,1
187056,0
187057,1
187058,0
187059,1
187060,1
187061,1
187062,1
187063,1
187064,1
187065,1
187066,0
187067,1
187068,0
187069,0
187070,1
187071,0
187072,1
187073,0
187074,0
187075,1
187076,1
187077,1
187078,1
187079,1
187080,0
187081,0
187082,1
187083,0
187084,0
187085,0
187086,0
187087,1
187088,0
187089,0
187090,0
187091,1
187092,0
187093,1
187094,0
187095,0
187096,1
187097,0
187098,1
187099,1
187100,1
187101,1
187102,1
187103,1
187104,1
187105,0
187106,0
187107,1
187108,1
187109,1
187110,1
187111,0
187112,0
187113,0
187114,0
187115,0
187116,0
187117,1
187118,0
187119,1
187120,0
187121,0
187122,1
187123,1
187124,0
187125,1
187126,1
187127,1
187128,1
187129,1
187130,1
187131,0
187132,1
187133,0
187134,0
187135,1
187136,0
187137,1
187138,0
187139,0
187140,0
187141,0
187142,1
187143,1
187144,1
187145,0
187146,0
187147,1
187148,0
187149,1
187150,0
187151,0
187152,0
187153,0
187154,0
187155,0
187156,1
187157,0
187158,1
187159,0
187160,0
187161,1
187162,0
187163,1
187164,1
187165,1
187166,0
187167,0
187168,1
187169,0
187170,1
187171,1
187172,1
187173,0
187174,0
187175,1
187176,0
187177,0
187178,0
187179,0
187180,0
187181,0
187182,1
187183,0
187184,1
187185,0
187186,0
187187,0
187188,1
187189,1
187190,1
187191,1
187192,1
187193,0
187194,0
187195,1
187196,0
187197,1
187198,1
187199,0
187200,1
187201,0
187202,1
187203,0
187204,0
187205,0
187206,0
187207,1
187208,0
187209,0
187210,0
187211,0
187212,0
187213,0
187214,0
187215,0
187216,0
187217,0
187218,0
187219,1
187220,0
187221,0
187222,0
187223,1
187224,0
187225,0
187226,0
187227,0
187228,0
187229,1
187230,1
187231,1
187232,1
187233,1
187234,0
187235,0
187236,0
187237,1
187238,1
187239,1
187240,1
187241,0
187242,0
187243,0
187244,0
187245,0
187246,1
187247,1
187248,0
187249,0
187250,0
187251,0
187252,1
187253,1
187254,0
187255,1
187256,0
187257,1
187258,1
187259,0
187260,1
187261,0
187262,1
187263,1
187264,0
187265,1
187266,0
187267,1
187268,0
187269,0
187270,0
187271,0
187272,1
187273,0
187274,0
187275,0
187276,0
187277,1
187278,0
187279,1
187280,0
187281,0
187282,1
187283,0
187284,0
187285,0
187286,0
187287,0
187288,1
187289,0
187290,0
187291,1
187292,0
187293,0
187294,1
187295,0
187296,0
187297,0
187298,1
187299,0
187300,0
187301,0
187302,1
187303,1
187304,1
187305,1
187306,0
187307,0
187308,0
187309,0
187310,0
187311,0
187312,1
187313,0
187314,1
187315,0
187316,0
187317,1
187318,1
187319,0
187320,1
187321,1
187322,1
187323,0
187324,0
187325,1
187326,0
187327,1
187328,0
187329,0
187330,1
187331,0
187332,1
187333,0
187334,1
187335,1
187336,1
187337,1
187338,1
187339,1
187340,0
187341,0
187342,1
187343,0
187344,0
187345,0
187346,0
187347,1
187348,0
187349,1
187350,0
187351,1
187352,1
187353,1
187354,0
187355,0
187356,1
187357,0
187358,1
187359,1
187360,1
187361,1
187362,1
187363,1
187364,1
187365,1
187366,1
187367,1
187368,1
187369,1
187370,1
187371,0
187372,0
187373,0
187374,1
187375,0
187376,1
187377,1
187378,1
187379,1
187380,0
187381,1
187382,1
187383,1
187384,1
187385,1
187386,1
187387,1
187388,0
187389,1
187390,1
187391,0
187392,1
187393,0
187394,0
187395,1
187396,0
187397,1
187398,0
187399,0
187400,0
187401,1
187402,1
187403,1
187404,1
187405,0
187406,0
187407,1
187408,0
187409,0
187410,0
187411,0
187412,1
187413,0
187414,0
187415,0
187416,1
187417,1
187418,1
187419,0
187420,0
187421,1
187422,0
187423,1
187424,1
187425,1
187426,0
187427,0
187428,1
187429,0
187430,0
187431,0
187432,1
187433,1
187434,1
187435,1
187436,0
187437,0
187438,0
187439,0
187440,0
187441,0
187442,1
187443,0
187444,1
187445,0
187446,0
187447,0
187448,1
187449,0
187450,1
187451,1
187452,0
187453,0
187454,0
187455,1
187456,0
187457,1
187458,1
187459,0
187460,1
187461,1
187462,1
187463,0
187464,0
187465,1
187466,1
187467,1
187468,0
187469,0
187470,1
187471,1
187472,1
187473,1
187474,1
187475,1
187476,0
187477,1
187478,1
187479,1
187480,0
187481,1
187482,1
187483,1
187484,1
187485,0
187486,1
187487,1
187488,0
187489,1
187490,0
187491,1
187492,1
187493,1
187494,0
187495,1
187496,1
187497,1
187498,1
187499,1
187500,1
187501,1
187502,1
187503,1
187504,0
187505,1
187506,1
187507,1
187508,1
187509,1
187510,0
187511,1
187512,1
187513,1
187514,1
187515,1
187516,1
187517,1
187518,1
187519,1
187520,1
187521,1
187522,1
187523,1
187524,1
187525,1
187526,0
187527,1
187528,0
187529,0
187530,0
187531,0
187532,0
187533,1
187534,1
187535,0
187536,1
187537,0
187538,0
187539,0
187540,0
187541,1
187542,1
187543,0
187544,1
187545,1
187546,0
187547,0
187548,1
187549,1
187550,0
187551,1
187552,0
187553,0
187554,1
187555,0
187556,1
187557,1
187558,1
187559,0
187560,1
187561,0
187562,1
187563,1
187564,1
187565,1
187566,0
187567,0
187568,0
187569,0
187570,0
187571,1
187572,1
187573,0
187574,0
187575,0
187576,0
187577,1
187578,1
187579,0
187580,1
187581,1
187582,0
187583,0
187584,1
187585,1
187586,0
187587,1
187588,1
187589,0
187590,1
187591,0
187592,0
187593,0
187594,0
187595,0
187596,0
187597,1
187598,0
187599,1
187600,0
187601,0
187602,1
187603,0
187604,0
187605,0
187606,0
187607,1
187608,0
187609,0
187610,0
187611,1
187612,0
187613,1
187614,0
187615,0
187616,1
187617,0
187618,1
187619,1
187620,1
187621,1
187622,0
187623,1
187624,1
187625,0
187626,0
187627,1
187628,1
187629,1
187630,1
187631,1
187632,1
187633,0
187634,0
187635,0
187636,0
187637,1
187638,0
187639,0
187640,0
187641,0
187642,1
187643,1
187644,0
187645,1
187646,1
187647,1
187648,1
187649,1
187650,1
187651,0
187652,1
187653,1
187654,0
187655,1
187656,0
187657,1
187658,0
187659,0
187660,0
187661,1
187662,1
187663,0
187664,0
187665,1
187666,0
187667,1
187668,1
187669,1
187670,0
187671,0
187672,1
187673,0
187674,0
187675,0
187676,1
187677,0
187678,1
187679,0
187680,0
187681,1
187682,0
187683,0
187684,1
187685,0
187686,1
187687,1
187688,1
187689,0
187690,0
187691,0
187692,1
187693,1
187694,1
187695,1
187696,0
187697,1
187698,1
187699,0
187700,0
187701,1
187702,1
187703,0
187704,0
187705,0
187706,0
187707,1
187708,1
187709,1
187710,1
187711,1
187712,0
187713,1
187714,1
187715,1
187716,0
187717,1
187718,1
187719,0
187720,1
187721,0
187722,0
187723,0
187724,0
187725,0
187726,1
187727,1
187728,0
187729,0
187730,1
187731,0
187732,1
187733,1
187734,1
187735,0
187736,0
187737,1
187738,1
187739,0
187740,0
187741,1
187742,0
187743,1
187744,0
187745,0
187746,0
187747,0
187748,0
187749,1
187750,0
187751,0
187752,0
187753,1
187754,0
187755,1
187756,0
187757,1
187758,1
187759,0
187760,1
187761,0
187762,0
187763,1
187764,0
187765,1
187766,0
187767,0
187768,0
187769,0
187770,0
187771,0
187772,1
187773,1
187774,0
187775,0
187776,0
187777,0
187778,0
187779,0
187780,1
187781,0
187782,1
187783,1
187784,0
187785,0
187786,0
187787,0
187788,0
187789,0
187790,0
187791,1
187792,1
187793,1
187794,1
187795,0
187796,0
187797,1
187798,0
187799,0
187800,0
187801,0
187802,1
187803,0
187804,0
187805,0
187806,1
187807,0
187808,1
187809,0
187810,0
187811,1
187812,0
187813,0
187814,1
187815,0
187816,0
187817,0
187818,1
187819,0
187820,0
187821,0
187822,1
187823,1
187824,0
187825,1
187826,0
187827,0
187828,0
187829,1
187830,0
187831,0
187832,1
187833,0
187834,1
187835,0
187836,0
187837,0
187838,1
187839,0
187840,1
187841,0
187842,1
187843,0
187844,0
187845,1
187846,0
187847,1
187848,1
187849,0
187850,1
187851,0
187852,1
187853,1
187854,1
187855,0
187856,1
187857,1
187858,1
187859,1
187860,0
187861,1
187862,1
187863,1
187864,1
187865,0
187866,1
187867,1
187868,1
187869,0
187870,1
187871,1
187872,0
187873,1
187874,0
187875,1
187876,1
187877,0
187878,1
187879,1
187880,1
187881,0
187882,1
187883,1
187884,0
187885,1
187886,1
187887,1
187888,1
187889,1
187890,1
187891,1
187892,0
187893,1
187894,1
187895,0
187896,1
187897,1
187898,1
187899,1
187900,1
187901,0
187902,1
187903,1
187904,0
187905,1
187906,1
187907,1
187908,1
187909,0
187910,1
187911,1
187912,1
187913,1
187914,0
187915,1
187916,0
187917,1
187918,0
187919,0
187920,1
187921,1
187922,1
187923,1
187924,1
187925,0
187926,0
187927,1
187928,0
187929,0
187930,0
187931,1
187932,1
187933,0
187934,1
187935,1
187936,1
187937,0
187938,1
187939,0
187940,0
187941,1
187942,0
187943,1
187944,1
187945,1
187946,1
187947,1
187948,1
187949,1
187950,0
187951,1
187952,1
187953,1
187954,1
187955,1
187956,1
187957,1
187958,1
187959,1
187960,0
187961,1
187962,1
187963,1
187964,1
187965,0
187966,0
187967,1
187968,1
187969,0
187970,1
187971,1
187972,1
187973,1
187974,1
187975,1
187976,0
187977,1
187978,1
187979,0
