ROW_ID,prediction
180245,0
180246,0
180247,0
180248,1
180249,0
180250,1
180251,1
180252,0
180253,0
180254,1
180255,0
180256,0
180257,0
180258,0
180259,0
180260,0
180261,0
180262,0
180263,1
180264,1
180265,0
180266,1
180267,1
180268,1
180269,1
180270,0
180271,0
180272,0
180273,1
180274,0
180275,0
180276,0
180277,1
180278,1
180279,1
180280,1
180281,1
180282,1
180283,1
180284,0
180285,1
180286,0
180287,1
180288,1
180289,0
180290,0
180291,1
180292,1
180293,1
180294,0
180295,1
180296,0
180297,0
180298,1
180299,1
180300,0
180301,0
180302,0
180303,1
180304,0
180305,0
180306,1
180307,0
180308,1
180309,0
180310,0
180311,1
180312,0
180313,0
180314,0
180315,1
180316,1
180317,1
180318,0
180319,0
180320,1
180321,1
180322,0
180323,1
180324,0
180325,0
180326,1
180327,1
180328,1
180329,1
180330,1
180331,1
180332,1
180333,0
180334,0
180335,1
180336,1
180337,1
180338,0
180339,1
180340,0
180341,1
180342,1
180343,0
180344,1
180345,0
180346,0
180347,1
180348,0
180349,0
180350,0
180351,0
180352,0
180353,0
180354,1
180355,0
180356,0
180357,1
180358,0
180359,0
180360,1
180361,1
180362,0
180363,1
180364,1
180365,1
180366,0
180367,0
180368,1
180369,1
180370,1
180371,1
180372,1
180373,0
180374,0
180375,1
180376,1
180377,0
180378,1
180379,0
180380,1
180381,1
180382,0
180383,1
180384,1
180385,0
180386,0
180387,1
180388,0
180389,0
180390,1
180391,0
180392,0
180393,0
180394,1
180395,0
180396,1
180397,1
180398,1
180399,1
180400,1
180401,1
180402,0
180403,0
180404,1
180405,1
180406,1
180407,1
180408,0
180409,0
180410,0
180411,0
180412,1
180413,1
180414,1
180415,0
180416,1
180417,1
180418,0
180419,0
180420,1
180421,1
180422,0
180423,0
180424,1
180425,1
180426,1
180427,1
180428,0
180429,1
180430,0
180431,0
180432,1
180433,1
180434,0
180435,1
180436,0
180437,1
180438,0
180439,0
180440,1
180441,0
180442,1
180443,1
180444,1
180445,1
180446,1
180447,1
180448,1
180449,0
180450,1
180451,1
180452,0
180453,1
180454,0
180455,0
180456,1
180457,1
180458,0
180459,1
180460,0
180461,1
180462,1
180463,0
180464,0
180465,1
180466,0
180467,1
180468,1
180469,0
180470,0
180471,0
180472,1
180473,0
180474,0
180475,0
180476,0
180477,1
180478,1
180479,1
180480,0
180481,1
180482,1
180483,1
180484,0
180485,0
180486,0
180487,0
180488,0
180489,1
180490,1
180491,1
180492,0
180493,1
180494,1
180495,0
180496,0
180497,1
180498,1
180499,0
180500,1
180501,0
180502,0
180503,1
180504,1
180505,0
180506,1
180507,1
180508,0
180509,0
180510,0
180511,1
180512,1
180513,1
180514,1
180515,1
180516,1
180517,1
180518,1
180519,0
180520,1
180521,1
180522,0
180523,0
180524,1
180525,1
180526,1
180527,0
180528,0
180529,0
180530,0
180531,0
180532,1
180533,0
180534,0
180535,0
180536,1
180537,0
180538,1
180539,0
180540,0
180541,1
180542,1
180543,1
180544,1
180545,1
180546,0
180547,1
180548,0
180549,0
180550,1
180551,1
180552,0
180553,0
180554,1
180555,1
180556,1
180557,1
180558,0
180559,1
180560,1
180561,0
180562,0
180563,0
180564,1
180565,1
180566,0
180567,1
180568,0
180569,0
180570,1
180571,0
180572,1
180573,0
180574,0
180575,1
180576,1
180577,0
180578,0
180579,1
180580,1
180581,1
180582,0
180583,0
180584,1
180585,0
180586,1
180587,0
180588,0
180589,0
180590,0
180591,0
180592,1
180593,0
180594,1
180595,0
180596,1
180597,1
180598,1
180599,0
180600,0
180601,1
180602,1
180603,1
180604,1
180605,1
180606,1
180607,0
180608,0
180609,0
180610,0
180611,0
180612,0
180613,0
180614,0
180615,1
180616,0
180617,0
180618,1
180619,0
180620,1
180621,0
180622,1
180623,0
180624,1
180625,0
180626,0
180627,1
180628,0
180629,0
180630,0
180631,0
180632,1
180633,1
180634,1
180635,1
180636,0
180637,1
180638,0
180639,0
180640,1
180641,0
180642,1
180643,0
180644,1
180645,1
180646,0
180647,1
180648,0
180649,1
180650,1
180651,0
180652,0
180653,1
180654,1
180655,0
180656,1
180657,0
180658,1
180659,0
180660,1
180661,0
180662,0
180663,0
180664,1
180665,1
180666,1
180667,1
180668,1
180669,1
180670,1
180671,1
180672,0
180673,1
180674,0
180675,1
180676,1
180677,0
180678,0
180679,0
180680,0
180681,1
180682,1
180683,1
180684,1
180685,1
180686,0
180687,0
180688,1
180689,0
180690,1
180691,0
180692,0
180693,1
180694,1
180695,1
180696,1
180697,0
180698,1
180699,0
180700,1
180701,1
180702,1
180703,1
180704,0
180705,0
180706,1
180707,1
180708,0
180709,0
180710,1
180711,1
180712,0
180713,0
180714,0
180715,1
180716,1
180717,1
180718,1
180719,1
180720,1
180721,1
180722,1
180723,1
180724,0
180725,1
180726,0
180727,0
180728,1
180729,1
180730,0
180731,0
180732,1
180733,1
180734,1
180735,1
180736,0
180737,0
180738,1
180739,0
180740,0
180741,1
180742,1
180743,1
180744,1
180745,0
180746,0
180747,0
180748,0
180749,0
180750,1
180751,1
180752,1
180753,0
180754,1
180755,0
180756,0
180757,1
180758,0
180759,0
180760,0
180761,1
180762,1
180763,0
180764,0
180765,0
180766,1
180767,1
180768,0
180769,1
180770,0
180771,1
180772,0
180773,1
180774,1
180775,1
180776,1
180777,1
180778,1
180779,0
180780,0
180781,0
180782,0
180783,1
180784,1
180785,1
180786,0
180787,1
180788,1
180789,0
180790,0
180791,1
180792,1
180793,1
180794,1
180795,0
180796,0
180797,0
180798,0
180799,0
180800,0
180801,0
180802,1
180803,1
180804,1
180805,1
180806,1
180807,0
180808,0
180809,0
180810,1
180811,1
180812,0
180813,0
180814,0
180815,0
180816,0
180817,0
180818,0
180819,0
180820,0
180821,1
180822,1
180823,1
180824,0
180825,0
180826,1
180827,0
180828,1
180829,1
180830,0
180831,1
180832,1
180833,1
180834,1
180835,0
180836,0
180837,1
180838,0
180839,0
180840,0
180841,0
180842,0
180843,0
180844,1
180845,1
180846,1
180847,0
180848,0
180849,0
180850,0
180851,1
180852,1
180853,1
180854,0
180855,0
180856,1
180857,0
180858,1
180859,1
180860,1
180861,1
180862,0
180863,0
180864,0
180865,1
180866,1
180867,1
180868,0
180869,1
180870,1
180871,0
180872,1
180873,0
180874,1
180875,0
180876,0
180877,1
180878,1
180879,0
180880,0
180881,1
180882,1
180883,1
180884,0
180885,1
180886,0
180887,1
180888,1
180889,1
180890,1
180891,0
180892,0
180893,0
180894,1
180895,1
180896,0
180897,0
180898,1
180899,0
180900,1
180901,1
180902,0
180903,0
180904,0
180905,1
180906,1
180907,1
180908,1
180909,0
180910,0
180911,1
180912,1
180913,1
180914,1
180915,0
180916,1
180917,1
180918,1
180919,0
180920,1
180921,1
180922,1
180923,0
180924,0
180925,0
180926,1
180927,0
180928,0
180929,0
180930,0
180931,1
180932,1
180933,1
180934,0
180935,1
180936,1
180937,0
180938,1
180939,1
180940,1
180941,0
180942,0
180943,1
180944,1
180945,1
180946,0
180947,0
180948,0
180949,0
180950,0
180951,1
180952,1
180953,0
180954,1
180955,1
180956,0
180957,1
180958,1
180959,0
180960,0
180961,1
180962,0
180963,1
180964,0
180965,0
180966,0
180967,0
180968,0
180969,0
180970,0
180971,1
180972,0
180973,1
180974,1
180975,1
180976,0
180977,1
180978,0
180979,1
180980,0
180981,0
180982,0
180983,0
180984,1
180985,0
180986,0
180987,1
180988,1
180989,0
180990,1
180991,0
180992,1
180993,1
180994,0
180995,1
180996,1
180997,1
180998,0
180999,0
181000,1
181001,1
181002,1
181003,0
181004,1
181005,1
181006,0
181007,1
181008,1
181009,1
181010,1
181011,0
181012,1
181013,0
181014,1
181015,1
181016,1
181017,0
181018,0
181019,0
181020,1
181021,0
181022,0
181023,1
181024,0
181025,0
181026,0
181027,1
181028,1
181029,1
181030,1
181031,0
181032,1
181033,0
181034,1
181035,1
181036,1
181037,0
181038,1
181039,0
181040,1
181041,0
181042,1
181043,0
181044,0
181045,0
181046,0
181047,1
181048,1
181049,0
181050,0
181051,1
181052,1
181053,0
181054,1
181055,0
181056,0
181057,0
181058,1
181059,0
181060,0
181061,0
181062,0
181063,1
181064,1
181065,1
181066,0
181067,0
181068,0
181069,0
181070,0
181071,1
181072,1
181073,1
181074,1
181075,0
181076,0
181077,0
181078,1
181079,0
181080,0
181081,0
181082,1
181083,1
181084,0
181085,1
181086,0
181087,1
181088,1
181089,1
181090,0
181091,1
181092,0
181093,1
181094,0
181095,0
181096,1
181097,1
181098,0
181099,0
181100,0
181101,1
181102,0
181103,1
181104,0
181105,0
181106,0
181107,1
181108,0
181109,0
181110,0
181111,0
181112,0
181113,1
181114,0
181115,1
181116,1
181117,0
181118,1
181119,0
181120,0
181121,1
181122,0
181123,0
181124,0
181125,0
181126,1
181127,1
181128,0
181129,1
181130,1
181131,0
181132,1
181133,0
181134,1
181135,1
181136,0
181137,0
181138,0
181139,1
181140,1
181141,1
181142,1
181143,0
181144,1
181145,1
181146,1
181147,1
181148,1
181149,0
181150,1
181151,1
181152,0
181153,1
181154,0
181155,1
181156,0
181157,0
181158,0
181159,1
181160,0
181161,1
181162,1
181163,1
181164,0
181165,0
181166,0
181167,1
181168,1
181169,0
181170,1
181171,1
181172,1
181173,0
181174,0
181175,1
181176,1
181177,1
181178,1
181179,0
181180,0
181181,0
181182,0
181183,1
181184,0
181185,1
181186,1
181187,1
181188,1
181189,1
181190,0
181191,0
181192,1
181193,0
181194,1
181195,1
181196,0
181197,0
181198,0
181199,0
181200,0
181201,0
181202,1
181203,1
181204,0
181205,0
181206,0
181207,1
181208,1
181209,0
181210,0
181211,1
181212,1
181213,0
181214,0
181215,0
181216,0
181217,1
181218,1
181219,1
181220,0
181221,0
181222,0
181223,0
181224,0
181225,1
181226,1
181227,0
181228,1
181229,1
181230,1
181231,1
181232,0
181233,0
181234,1
181235,0
181236,0
181237,0
181238,1
181239,0
181240,0
181241,1
181242,1
181243,1
181244,0
181245,1
181246,1
181247,0
181248,0
181249,1
181250,1
181251,0
181252,0
181253,0
181254,1
181255,0
181256,1
181257,0
181258,1
181259,1
181260,0
181261,0
181262,1
181263,1
181264,0
181265,0
181266,0
181267,1
181268,1
181269,0
181270,0
181271,0
181272,0
181273,0
181274,1
181275,0
181276,1
181277,0
181278,0
181279,0
181280,0
181281,1
181282,0
181283,1
181284,0
181285,1
181286,0
181287,0
181288,0
181289,0
181290,0
181291,0
181292,1
181293,0
181294,1
181295,1
181296,0
181297,1
181298,0
181299,1
181300,1
181301,1
181302,0
181303,1
181304,0
181305,1
181306,1
181307,0
181308,1
181309,0
181310,0
181311,1
181312,1
181313,0
181314,1
181315,0
181316,1
181317,1
181318,1
181319,1
181320,1
181321,0
181322,1
181323,0
181324,1
181325,0
181326,1
181327,1
181328,1
181329,0
181330,0
181331,0
181332,1
181333,0
181334,1
181335,0
181336,1
181337,1
181338,0
181339,0
181340,1
181341,0
181342,0
181343,0
181344,1
181345,1
181346,0
181347,1
181348,1
181349,0
181350,1
181351,1
181352,1
181353,1
181354,0
181355,0
181356,0
181357,1
181358,0
181359,0
181360,1
181361,1
181362,1
181363,0
181364,1
181365,1
181366,1
181367,1
181368,1
181369,1
181370,1
181371,0
181372,0
181373,0
181374,1
181375,0
181376,1
181377,0
181378,0
181379,1
181380,0
181381,1
181382,1
181383,1
181384,1
181385,1
181386,0
181387,0
181388,1
181389,1
181390,0
181391,0
181392,1
181393,1
181394,1
181395,1
181396,1
181397,0
181398,1
181399,1
181400,0
181401,1
181402,0
181403,0
181404,0
181405,1
181406,0
181407,1
181408,0
181409,0
181410,0
181411,0
181412,1
181413,0
181414,1
181415,0
181416,1
181417,0
181418,0
181419,0
181420,1
181421,0
181422,0
181423,0
181424,1
181425,1
181426,1
181427,1
181428,1
181429,1
181430,0
181431,1
181432,1
181433,1
181434,1
181435,0
181436,0
181437,1
181438,1
181439,0
181440,0
181441,0
181442,1
181443,0
181444,1
181445,1
181446,0
181447,0
181448,1
181449,0
181450,1
181451,0
181452,0
181453,0
181454,1
181455,0
181456,0
181457,1
181458,0
181459,0
181460,1
181461,0
181462,1
181463,1
181464,1
181465,0
181466,0
181467,1
181468,1
181469,0
181470,1
181471,1
181472,1
181473,0
181474,0
181475,1
181476,0
181477,0
181478,1
181479,1
181480,0
181481,1
181482,0
181483,0
181484,0
181485,0
181486,1
181487,0
181488,1
181489,0
181490,1
181491,1
181492,0
181493,1
181494,0
181495,1
181496,1
181497,1
181498,1
181499,0
181500,0
181501,1
181502,0
181503,1
181504,0
181505,0
181506,0
181507,0
181508,0
181509,1
181510,1
181511,0
181512,0
181513,0
181514,1
181515,1
181516,1
181517,1
181518,1
181519,0
181520,0
181521,1
181522,1
181523,0
181524,0
181525,0
181526,0
181527,1
181528,1
181529,0
181530,0
181531,0
181532,0
181533,1
181534,1
181535,1
181536,0
181537,1
181538,0
181539,0
181540,0
181541,1
181542,0
181543,0
181544,1
181545,0
181546,1
181547,1
181548,1
181549,1
181550,0
181551,0
181552,0
181553,1
181554,0
181555,0
181556,1
181557,1
181558,0
181559,0
181560,0
181561,1
181562,1
181563,1
181564,0
181565,1
181566,1
181567,1
181568,1
181569,0
181570,1
181571,1
181572,1
181573,1
181574,1
181575,1
181576,0
181577,0
181578,1
181579,1
181580,0
181581,1
181582,0
181583,1
181584,1
181585,1
181586,1
181587,0
181588,1
181589,1
181590,1
181591,0
181592,0
181593,0
181594,0
181595,0
181596,0
181597,0
181598,0
181599,1
181600,0
181601,1
181602,0
181603,1
181604,0
181605,0
181606,1
181607,0
181608,0
181609,0
181610,0
181611,0
181612,0
181613,0
181614,0
181615,0
181616,0
181617,0
181618,1
181619,0
181620,1
181621,1
181622,1
181623,1
181624,0
181625,0
181626,0
181627,0
181628,0
181629,0
181630,1
181631,0
181632,1
181633,1
181634,1
181635,0
181636,0
181637,1
181638,1
181639,0
181640,0
181641,0
181642,1
181643,1
181644,0
181645,1
181646,0
181647,0
181648,1
181649,1
181650,1
181651,0
181652,0
181653,0
181654,0
181655,1
181656,1
181657,1
181658,0
181659,0
181660,1
181661,0
181662,0
181663,0
181664,0
181665,1
181666,0
181667,0
181668,1
181669,1
181670,0
181671,0
181672,0
181673,1
181674,1
181675,1
181676,0
181677,0
181678,0
181679,1
181680,1
181681,1
181682,0
181683,1
181684,0
181685,0
181686,0
181687,1
181688,1
181689,0
181690,1
181691,0
181692,1
181693,1
181694,0
181695,1
181696,1
181697,0
181698,1
181699,0
181700,0
181701,1
181702,0
181703,1
181704,1
181705,1
181706,0
181707,1
181708,1
181709,1
181710,0
181711,1
181712,1
181713,1
181714,1
181715,0
181716,0
181717,0
181718,1
181719,1
181720,1
181721,0
181722,1
181723,0
181724,0
181725,0
181726,0
181727,0
181728,0
181729,1
181730,1
181731,0
181732,0
181733,0
181734,0
181735,0
181736,1
181737,0
181738,1
181739,1
181740,0
181741,1
181742,0
181743,0
181744,0
181745,0
181746,0
181747,1
181748,1
181749,0
181750,0
181751,0
181752,0
181753,1
181754,1
181755,1
181756,1
181757,1
181758,0
181759,0
181760,0
181761,1
181762,1
181763,0
181764,1
181765,0
181766,0
181767,0
181768,0
181769,1
181770,1
181771,1
181772,1
181773,1
181774,0
181775,1
181776,0
181777,1
181778,1
181779,0
181780,1
181781,1
181782,1
181783,0
181784,0
181785,1
181786,0
181787,0
181788,0
181789,1
181790,1
181791,1
181792,1
181793,0
181794,1
181795,1
181796,0
181797,0
181798,1
181799,1
181800,0
181801,1
181802,0
181803,0
181804,0
181805,1
181806,0
181807,1
181808,0
181809,0
181810,0
181811,0
181812,0
181813,0
181814,1
181815,0
181816,1
181817,1
181818,1
181819,1
181820,1
181821,1
181822,1
181823,1
181824,0
181825,0
181826,1
181827,0
181828,0
181829,1
181830,1
181831,1
181832,0
181833,1
181834,1
181835,0
181836,1
181837,1
181838,1
181839,1
181840,0
181841,0
181842,1
181843,1
181844,0
181845,1
181846,0
181847,0
181848,1
181849,0
181850,1
181851,1
181852,1
181853,0
181854,1
181855,0
181856,1
181857,1
181858,0
181859,1
181860,1
181861,0
181862,1
181863,1
181864,1
181865,0
181866,1
181867,1
181868,0
181869,1
181870,1
181871,1
181872,1
181873,0
181874,1
181875,1
181876,0
181877,0
181878,0
181879,1
181880,0
181881,0
181882,1
181883,0
181884,1
181885,0
181886,0
181887,0
181888,1
181889,1
181890,1
181891,1
181892,1
181893,0
181894,1
181895,0
181896,0
181897,0
181898,0
181899,1
181900,0
181901,0
181902,0
181903,0
181904,0
181905,1
181906,0
181907,0
181908,0
181909,1
181910,1
181911,0
181912,1
181913,0
181914,0
181915,0
181916,0
181917,0
181918,0
181919,0
181920,0
181921,0
181922,1
181923,1
181924,1
181925,0
181926,1
181927,0
181928,0
181929,1
181930,0
181931,0
181932,1
181933,0
181934,1
181935,0
181936,1
181937,1
181938,0
181939,1
181940,1
181941,1
181942,0
181943,1
181944,1
181945,1
181946,1
181947,0
181948,0
181949,1
181950,0
181951,1
181952,1
181953,1
181954,1
181955,0
181956,1
181957,1
181958,1
181959,1
181960,0
181961,0
181962,1
181963,0
181964,1
181965,0
181966,1
181967,1
181968,1
181969,1
181970,1
181971,1
181972,1
181973,1
181974,0
181975,1
181976,0
181977,0
181978,0
181979,1
181980,0
181981,1
181982,0
181983,0
181984,0
181985,1
181986,1
181987,0
181988,0
181989,0
181990,1
181991,1
181992,1
181993,1
181994,1
181995,0
181996,0
181997,0
181998,0
181999,0
182000,1
182001,0
182002,1
182003,1
182004,1
182005,0
182006,0
182007,1
182008,1
182009,0
182010,1
182011,0
182012,1
182013,1
182014,0
182015,0
182016,1
182017,0
182018,1
182019,0
182020,1
182021,1
182022,1
182023,1
182024,0
182025,0
182026,1
182027,0
182028,1
182029,1
182030,1
182031,0
182032,0
182033,1
182034,0
182035,1
182036,1
182037,0
182038,1
182039,1
182040,0
182041,0
182042,1
182043,1
182044,1
182045,1
182046,1
182047,1
182048,0
182049,0
182050,0
182051,1
182052,0
182053,1
182054,0
182055,0
182056,1
182057,1
182058,1
182059,1
182060,1
182061,1
182062,1
182063,1
182064,1
182065,1
182066,1
182067,0
182068,0
182069,1
182070,1
182071,0
182072,0
182073,0
182074,1
182075,0
182076,1
182077,0
182078,1
182079,1
182080,0
182081,0
182082,0
182083,0
182084,1
182085,0
182086,1
182087,1
182088,0
182089,1
182090,1
182091,0
182092,0
182093,1
182094,0
182095,0
182096,0
182097,0
182098,1
182099,0
182100,0
182101,0
182102,0
182103,1
182104,1
182105,1
182106,0
182107,0
182108,1
182109,0
182110,1
182111,0
182112,0
182113,1
182114,1
182115,0
182116,1
182117,1
182118,0
182119,0
182120,0
182121,1
182122,0
182123,0
182124,0
182125,0
182126,0
182127,1
182128,1
182129,0
182130,1
182131,0
182132,0
182133,0
182134,0
182135,1
182136,1
182137,1
182138,1
182139,0
182140,0
182141,0
182142,1
182143,1
182144,0
182145,0
182146,1
182147,0
182148,0
182149,0
182150,0
182151,0
182152,0
182153,0
182154,1
182155,1
182156,1
182157,1
182158,1
182159,0
182160,1
182161,1
182162,0
182163,1
182164,1
182165,1
182166,0
182167,0
182168,1
182169,0
182170,1
182171,0
182172,1
182173,0
182174,1
182175,1
182176,0
182177,1
182178,1
182179,1
182180,1
182181,1
182182,0
182183,0
182184,0
182185,1
182186,0
182187,0
182188,1
182189,0
182190,0
182191,0
182192,0
182193,0
182194,1
182195,1
182196,0
182197,1
182198,0
182199,0
182200,0
182201,1
182202,0
182203,0
182204,1
182205,1
182206,0
182207,1
182208,0
182209,0
182210,1
182211,1
182212,0
182213,0
182214,0
182215,0
182216,0
182217,0
182218,0
182219,1
182220,0
182221,1
182222,0
182223,1
182224,1
182225,0
182226,0
182227,0
182228,0
182229,1
182230,1
182231,0
182232,1
182233,0
182234,0
182235,1
182236,0
182237,0
182238,1
182239,1
182240,0
182241,0
182242,1
182243,0
182244,1
182245,1
182246,1
182247,0
182248,0
182249,1
182250,0
182251,0
182252,0
182253,1
182254,1
182255,0
182256,0
182257,1
182258,0
182259,0
182260,0
182261,0
182262,0
182263,1
182264,1
182265,0
182266,1
182267,1
182268,0
182269,0
182270,1
182271,1
182272,0
182273,1
182274,0
182275,1
182276,0
182277,1
182278,1
182279,0
182280,1
182281,1
182282,0
182283,1
182284,0
182285,1
182286,1
182287,1
182288,0
182289,0
182290,0
182291,0
182292,1
182293,1
182294,0
182295,1
182296,1
182297,1
182298,0
182299,0
182300,0
182301,0
182302,0
182303,1
182304,0
182305,1
182306,1
182307,1
182308,1
182309,1
182310,0
182311,1
182312,1
182313,0
182314,0
182315,0
182316,0
182317,0
182318,0
182319,1
182320,0
182321,1
182322,1
182323,1
182324,1
182325,1
182326,1
182327,1
182328,1
182329,1
182330,1
182331,1
182332,1
182333,1
182334,0
182335,1
182336,1
182337,0
182338,1
182339,1
182340,0
182341,1
182342,1
182343,0
182344,1
182345,0
182346,1
182347,1
182348,1
182349,0
182350,0
182351,0
182352,1
182353,0
182354,1
182355,0
182356,0
182357,0
182358,0
182359,1
182360,0
182361,0
182362,1
182363,1
182364,1
182365,1
182366,0
182367,1
182368,1
182369,1
182370,1
182371,1
182372,1
182373,1
182374,0
182375,1
182376,0
182377,0
182378,1
182379,1
182380,0
182381,1
182382,1
182383,1
182384,0
182385,1
182386,0
182387,1
182388,1
182389,0
182390,1
182391,1
182392,1
182393,0
182394,1
182395,0
182396,1
182397,0
182398,0
182399,1
182400,0
182401,1
182402,0
182403,1
182404,1
182405,1
182406,1
182407,1
182408,0
182409,1
182410,1
182411,0
182412,0
182413,0
182414,1
182415,0
182416,0
182417,1
182418,1
182419,0
182420,1
182421,1
182422,1
182423,0
182424,0
182425,0
182426,0
182427,0
182428,0
182429,0
182430,0
182431,1
182432,1
182433,0
182434,0
182435,0
182436,1
182437,0
182438,1
182439,0
182440,1
182441,0
182442,0
182443,1
182444,1
182445,0
182446,1
182447,0
182448,0
182449,1
182450,0
182451,1
182452,1
182453,1
182454,0
182455,1
182456,1
182457,0
182458,1
182459,0
182460,0
182461,1
182462,1
182463,0
182464,1
182465,0
182466,0
182467,1
182468,1
182469,1
182470,1
182471,1
182472,1
182473,0
182474,1
182475,1
182476,1
182477,0
182478,0
182479,0
182480,1
182481,0
182482,1
182483,1
182484,0
182485,1
182486,0
182487,1
182488,1
182489,0
182490,0
182491,1
182492,1
182493,0
182494,1
182495,0
182496,0
182497,0
182498,1
182499,0
182500,1
182501,0
182502,1
182503,1
182504,0
182505,0
182506,0
182507,0
182508,0
182509,0
182510,1
182511,0
182512,1
182513,0
182514,1
182515,1
182516,1
182517,1
182518,0
182519,1
182520,0
182521,0
182522,0
182523,0
182524,1
182525,1
182526,0
182527,0
182528,1
182529,1
182530,0
182531,0
182532,1
182533,0
182534,1
182535,1
182536,1
182537,1
182538,1
182539,1
182540,1
182541,0
182542,1
182543,0
182544,0
182545,0
182546,1
182547,1
182548,1
182549,0
182550,1
182551,1
182552,0
182553,0
182554,0
182555,0
182556,1
182557,0
182558,1
182559,1
182560,1
182561,0
182562,0
182563,1
182564,1
182565,0
182566,0
182567,0
182568,1
182569,0
182570,0
182571,1
182572,1
182573,1
182574,1
182575,0
182576,1
182577,1
182578,0
182579,1
182580,1
182581,0
182582,0
182583,1
182584,1
182585,0
182586,0
182587,0
182588,1
182589,1
182590,0
182591,0
182592,0
182593,1
182594,0
182595,0
182596,0
182597,1
182598,0
182599,1
182600,1
182601,0
182602,0
182603,1
182604,1
182605,0
182606,0
182607,0
182608,1
182609,0
182610,0
182611,1
182612,1
182613,0
182614,0
182615,1
182616,0
182617,1
182618,1
182619,1
182620,0
182621,0
182622,1
182623,0
182624,1
182625,1
182626,1
182627,0
182628,0
182629,1
182630,0
182631,0
182632,0
182633,1
182634,0
182635,1
182636,0
182637,1
182638,0
182639,0
182640,0
182641,0
182642,1
182643,1
182644,0
182645,1
182646,0
182647,0
182648,1
182649,1
182650,0
182651,0
182652,1
182653,0
182654,1
182655,0
182656,0
182657,1
182658,0
182659,0
182660,0
182661,1
182662,1
182663,1
182664,1
182665,0
182666,0
182667,0
182668,0
182669,1
182670,0
182671,1
182672,0
182673,1
182674,1
182675,1
182676,1
182677,1
182678,0
182679,1
182680,0
182681,1
182682,0
182683,0
182684,0
182685,0
182686,0
182687,0
182688,1
182689,1
182690,1
182691,1
182692,0
182693,1
182694,0
182695,0
182696,0
182697,1
182698,0
182699,1
182700,1
182701,0
182702,1
182703,1
182704,0
182705,1
182706,1
182707,0
182708,0
182709,0
182710,1
182711,0
182712,1
182713,1
182714,1
182715,0
182716,1
182717,1
182718,1
182719,1
182720,0
182721,0
182722,1
182723,1
182724,1
182725,1
182726,0
182727,0
182728,1
182729,1
182730,1
182731,1
182732,1
182733,0
182734,0
182735,1
182736,1
182737,0
182738,0
182739,0
182740,1
182741,0
182742,1
182743,0
182744,0
182745,0
182746,1
182747,1
182748,0
182749,0
182750,0
182751,1
182752,1
182753,1
182754,1
182755,0
182756,1
182757,0
182758,1
182759,0
182760,1
182761,0
182762,1
182763,1
182764,0
182765,0
182766,0
182767,0
182768,1
182769,1
182770,0
182771,1
182772,1
182773,1
182774,1
182775,0
182776,0
182777,1
182778,1
182779,1
182780,1
182781,1
182782,0
182783,0
182784,1
182785,0
182786,1
182787,0
182788,1
182789,0
182790,1
182791,1
182792,1
182793,1
182794,1
182795,1
182796,1
182797,1
182798,0
182799,0
182800,0
182801,0
182802,0
182803,0
182804,0
182805,1
182806,0
182807,0
182808,0
182809,0
182810,1
182811,0
182812,1
182813,0
182814,1
182815,0
182816,1
182817,1
182818,1
182819,0
182820,1
182821,0
182822,0
182823,0
182824,0
182825,0
182826,1
182827,1
182828,1
182829,1
182830,1
182831,0
182832,1
182833,1
182834,0
182835,0
182836,0
182837,0
182838,1
182839,1
182840,1
182841,1
182842,1
182843,1
182844,1
182845,0
182846,0
182847,0
182848,0
182849,0
182850,1
182851,1
182852,0
182853,1
182854,0
182855,0
182856,1
182857,1
182858,0
182859,1
182860,0
182861,0
182862,0
182863,1
182864,0
182865,0
182866,1
182867,1
182868,0
182869,0
182870,0
182871,0
182872,0
182873,0
182874,0
182875,1
182876,0
182877,0
182878,1
182879,0
182880,1
182881,1
182882,1
182883,0
182884,0
182885,0
182886,0
182887,1
182888,0
182889,0
182890,0
182891,0
182892,1
182893,1
182894,0
182895,0
182896,0
182897,0
182898,1
182899,0
182900,1
182901,0
182902,0
182903,0
182904,0
182905,1
182906,0
182907,0
182908,0
182909,1
182910,1
182911,0
182912,0
182913,0
182914,0
182915,1
182916,1
182917,0
182918,0
182919,0
182920,0
182921,1
182922,1
182923,1
182924,1
182925,1
182926,0
182927,1
182928,0
182929,0
182930,1
182931,0
182932,1
182933,0
182934,0
182935,1
182936,1
182937,1
182938,1
182939,0
182940,0
182941,0
182942,0
182943,1
182944,0
182945,1
182946,0
182947,0
182948,1
182949,0
182950,0
182951,1
182952,0
182953,0
182954,0
182955,0
182956,1
182957,1
182958,1
182959,0
182960,1
182961,0
182962,0
182963,1
182964,0
182965,0
182966,1
182967,1
182968,0
182969,1
182970,0
182971,1
182972,0
182973,0
182974,1
182975,1
182976,1
182977,0
182978,0
182979,0
182980,1
182981,0
182982,1
182983,1
182984,1
182985,0
182986,0
182987,0
182988,0
182989,0
182990,0
182991,1
182992,1
182993,1
182994,0
182995,0
182996,1
182997,0
182998,0
182999,0
183000,1
183001,0
183002,0
183003,1
183004,0
183005,0
183006,0
183007,1
183008,1
183009,0
183010,0
183011,1
183012,1
183013,1
183014,1
183015,0
183016,0
183017,0
183018,1
183019,1
183020,1
183021,1
183022,0
183023,0
183024,0
183025,0
183026,0
183027,0
183028,1
183029,0
183030,0
183031,0
183032,0
183033,1
183034,1
183035,1
183036,1
183037,0
183038,1
183039,0
183040,1
183041,0
183042,1
183043,0
183044,1
183045,1
183046,0
183047,1
183048,0
183049,0
183050,1
183051,0
183052,0
183053,0
183054,0
183055,1
183056,0
183057,0
183058,0
183059,1
183060,1
183061,1
183062,1
183063,1
183064,1
183065,1
183066,0
183067,0
183068,0
183069,1
183070,1
183071,0
183072,1
183073,1
183074,1
183075,1
183076,1
183077,0
183078,1
183079,0
183080,1
183081,1
183082,1
183083,0
183084,0
183085,0
183086,0
183087,1
183088,1
183089,0
183090,1
183091,0
183092,0
183093,0
183094,1
183095,0
183096,1
183097,0
183098,1
183099,0
183100,0
183101,0
183102,1
183103,1
183104,1
183105,0
183106,0
183107,1
183108,0
183109,1
183110,0
183111,0
183112,1
183113,0
183114,1
183115,1
183116,0
183117,0
183118,0
183119,1
183120,1
183121,1
183122,1
183123,1
183124,1
183125,1
183126,0
183127,1
183128,0
183129,0
183130,1
183131,1
183132,0
183133,0
183134,1
183135,0
183136,0
183137,0
183138,0
183139,1
183140,0
183141,0
183142,0
183143,0
183144,1
183145,1
183146,0
183147,0
183148,1
183149,0
183150,1
183151,0
183152,1
183153,0
183154,0
183155,0
183156,1
183157,0
183158,1
183159,0
183160,1
183161,1
183162,1
183163,0
183164,0
183165,0
183166,1
183167,0
183168,1
183169,0
183170,0
183171,1
183172,0
183173,1
183174,0
183175,0
183176,1
183177,0
183178,1
183179,1
183180,1
183181,1
183182,0
183183,1
183184,0
183185,0
183186,0
183187,0
183188,1
183189,1
183190,0
183191,1
183192,0
183193,0
183194,1
183195,0
183196,0
183197,0
183198,0
183199,0
183200,1
183201,1
183202,0
183203,1
183204,0
183205,1
183206,1
183207,0
183208,1
183209,0
183210,0
183211,0
183212,0
183213,1
183214,1
183215,1
183216,1
183217,1
183218,0
183219,0
183220,0
183221,0
183222,1
183223,1
183224,1
183225,0
183226,1
183227,1
183228,0
183229,1
183230,0
183231,0
183232,1
183233,1
183234,1
183235,0
183236,1
183237,0
183238,0
183239,0
183240,1
183241,1
183242,0
183243,1
183244,1
183245,1
183246,1
183247,0
183248,1
183249,0
183250,0
183251,1
183252,1
183253,0
183254,1
183255,0
183256,1
183257,1
183258,1
183259,0
183260,0
183261,1
183262,0
183263,0
183264,0
183265,1
183266,1
183267,1
183268,0
183269,1
183270,1
183271,1
183272,1
183273,0
183274,1
183275,0
183276,1
183277,1
183278,0
183279,1
183280,1
183281,0
183282,0
183283,1
183284,1
183285,1
183286,1
183287,1
183288,1
183289,1
183290,0
183291,0
183292,1
183293,0
183294,1
183295,0
183296,1
183297,0
183298,1
183299,1
183300,1
183301,0
183302,1
183303,0
183304,0
183305,0
183306,0
183307,0
183308,1
183309,0
183310,0
183311,1
183312,0
183313,0
183314,0
183315,1
183316,1
183317,0
183318,0
183319,1
183320,1
183321,1
183322,1
183323,1
183324,1
183325,0
183326,0
183327,1
183328,1
183329,0
183330,0
183331,1
183332,0
183333,1
183334,1
183335,0
183336,0
183337,1
183338,0
183339,1
183340,0
183341,1
183342,1
183343,0
183344,0
183345,1
183346,0
183347,1
183348,1
183349,1
183350,1
183351,1
183352,0
183353,0
183354,1
183355,1
183356,1
183357,1
183358,0
183359,1
183360,0
183361,1
183362,0
183363,1
183364,0
183365,1
183366,0
183367,1
183368,1
183369,0
183370,0
183371,0
183372,1
183373,1
183374,0
183375,0
183376,1
183377,1
183378,0
183379,0
183380,1
183381,1
183382,0
183383,0
183384,1
183385,0
183386,0
183387,1
183388,0
183389,1
183390,1
183391,1
183392,0
183393,1
183394,0
183395,1
183396,0
183397,1
183398,1
183399,0
183400,1
183401,1
183402,0
183403,1
183404,1
183405,0
183406,1
183407,0
183408,1
183409,0
183410,1
183411,1
183412,1
183413,0
183414,1
183415,1
183416,1
183417,1
183418,0
183419,1
183420,1
183421,1
183422,0
183423,0
183424,0
183425,0
183426,0
183427,1
183428,1
183429,0
183430,0
183431,0
183432,0
183433,1
183434,0
183435,1
183436,0
183437,0
183438,1
183439,0
183440,1
183441,1
183442,1
183443,0
183444,1
183445,1
183446,1
183447,1
183448,1
183449,0
183450,1
183451,1
183452,1
183453,0
183454,0
183455,0
183456,0
183457,0
183458,0
183459,1
183460,0
183461,1
183462,1
183463,1
183464,1
183465,1
183466,1
183467,0
183468,0
183469,1
183470,1
183471,1
183472,1
183473,0
183474,1
183475,0
183476,0
183477,0
183478,1
183479,0
183480,0
183481,0
183482,0
183483,0
183484,0
183485,0
183486,0
183487,0
183488,0
183489,1
183490,0
183491,0
183492,1
183493,0
183494,1
183495,1
183496,1
183497,1
183498,1
183499,1
183500,1
183501,1
183502,0
183503,0
183504,0
183505,1
183506,1
183507,1
183508,1
183509,0
183510,1
183511,0
183512,0
183513,0
183514,0
183515,1
183516,0
183517,1
183518,1
183519,1
183520,1
183521,1
183522,1
183523,0
183524,1
183525,0
183526,1
183527,1
183528,0
183529,1
183530,1
183531,1
183532,1
183533,1
183534,1
183535,1
183536,0
183537,1
183538,0
183539,0
183540,0
183541,0
183542,1
183543,0
183544,0
183545,1
183546,1
183547,1
183548,1
183549,1
183550,0
183551,1
183552,0
183553,1
183554,0
183555,1
183556,0
183557,0
183558,0
183559,0
183560,0
183561,0
183562,0
183563,0
183564,0
183565,1
183566,0
183567,0
183568,1
183569,1
183570,0
183571,0
183572,0
183573,0
183574,1
183575,0
183576,0
183577,0
183578,1
183579,0
183580,1
183581,0
183582,0
183583,0
183584,0
183585,0
183586,1
183587,0
183588,1
183589,1
183590,1
183591,1
183592,1
183593,1
183594,1
183595,0
183596,1
183597,0
183598,0
183599,1
183600,0
183601,0
183602,1
183603,1
183604,1
183605,1
183606,1
183607,1
183608,0
183609,0
183610,1
183611,1
183612,0
183613,1
183614,0
183615,1
183616,0
183617,1
183618,1
183619,0
183620,0
183621,0
183622,1
183623,0
183624,0
183625,0
183626,0
183627,1
183628,1
183629,1
183630,0
183631,0
183632,0
183633,0
183634,1
183635,1
183636,1
183637,0
183638,0
183639,0
183640,0
183641,0
183642,0
183643,0
183644,0
183645,0
183646,1
183647,1
183648,0
183649,0
183650,0
183651,0
183652,1
183653,0
183654,1
183655,1
183656,1
183657,0
183658,0
183659,0
183660,1
183661,1
183662,1
183663,1
183664,0
183665,1
183666,0
183667,1
183668,1
183669,0
183670,1
183671,1
183672,0
183673,0
183674,0
183675,0
183676,1
183677,0
183678,0
183679,0
183680,0
183681,0
183682,1
183683,1
183684,0
183685,0
183686,0
183687,0
183688,0
183689,0
183690,1
183691,1
183692,0
183693,0
183694,0
183695,1
183696,1
183697,0
183698,1
183699,1
183700,0
183701,1
183702,0
183703,0
183704,0
183705,0
183706,1
183707,1
183708,1
183709,0
183710,1
183711,0
183712,1
183713,0
183714,0
183715,0
183716,0
183717,1
183718,0
183719,0
183720,0
183721,0
183722,0
183723,1
183724,1
183725,1
183726,0
183727,1
183728,1
183729,0
183730,1
183731,0
183732,0
183733,1
183734,0
183735,1
183736,1
183737,0
183738,0
183739,0
183740,0
183741,0
183742,1
183743,0
183744,0
183745,1
183746,0
183747,0
183748,1
183749,0
183750,0
183751,0
183752,0
183753,1
183754,0
183755,0
183756,0
183757,1
183758,1
183759,1
183760,0
183761,1
183762,1
183763,0
183764,0
183765,1
183766,0
183767,1
183768,1
183769,1
183770,0
183771,1
183772,0
183773,0
183774,1
183775,1
183776,0
183777,1
183778,0
183779,0
183780,0
183781,0
183782,1
183783,0
183784,1
183785,1
183786,1
183787,0
183788,1
183789,0
183790,1
183791,0
183792,0
183793,1
183794,0
183795,0
183796,1
183797,1
183798,1
183799,1
183800,0
183801,1
183802,0
183803,0
183804,0
183805,0
183806,0
183807,1
183808,1
183809,1
183810,1
183811,0
183812,1
183813,1
183814,1
183815,1
183816,0
183817,0
183818,1
183819,1
183820,1
183821,0
183822,1
183823,1
183824,1
183825,0
183826,1
183827,1
183828,1
183829,0
183830,1
183831,1
183832,1
183833,1
183834,0
183835,1
183836,0
183837,0
183838,1
183839,0
183840,1
183841,0
183842,1
183843,1
183844,0
183845,0
183846,0
183847,1
183848,0
183849,1
183850,0
183851,0
183852,1
183853,0
183854,0
183855,1
183856,0
183857,1
183858,1
183859,0
183860,0
183861,1
183862,1
183863,1
183864,0
183865,1
183866,0
183867,1
183868,1
183869,0
183870,1
183871,1
183872,0
183873,1
183874,0
183875,0
183876,1
183877,1
183878,1
183879,1
183880,1
183881,1
183882,1
183883,1
183884,0
183885,0
183886,1
183887,0
183888,0
183889,1
183890,1
183891,0
183892,1
183893,1
183894,1
183895,0
183896,1
183897,0
183898,1
183899,1
183900,0
183901,1
183902,1
183903,0
183904,0
183905,1
183906,1
183907,0
183908,1
183909,0
183910,1
183911,0
183912,0
183913,0
183914,1
183915,0
183916,1
183917,0
183918,0
183919,1
183920,0
183921,1
183922,1
183923,0
183924,1
183925,1
183926,1
183927,0
183928,0
183929,1
183930,1
183931,0
183932,0
183933,0
183934,1
183935,0
183936,0
183937,0
183938,1
183939,0
183940,1
183941,0
183942,1
183943,0
183944,0
183945,0
183946,0
183947,1
183948,0
183949,0
183950,0
183951,1
183952,0
183953,0
183954,0
183955,0
183956,1
183957,1
183958,0
183959,1
183960,1
183961,0
183962,1
183963,1
183964,0
183965,1
183966,0
183967,0
183968,0
183969,1
183970,1
183971,0
183972,1
183973,1
183974,1
183975,1
183976,1
183977,0
183978,0
183979,1
183980,0
183981,0
183982,1
183983,0
183984,1
183985,0
183986,1
183987,1
183988,1
183989,0
183990,0
183991,1
183992,0
183993,1
183994,1
183995,0
183996,0
183997,1
183998,0
183999,0
184000,0
184001,0
184002,0
184003,1
184004,1
184005,1
184006,1
184007,0
184008,0
184009,0
184010,1
184011,1
184012,0
184013,0
184014,1
184015,1
184016,1
184017,0
184018,0
184019,1
184020,0
184021,0
184022,0
184023,1
184024,1
184025,1
184026,1
184027,1
184028,0
184029,1
184030,1
184031,0
184032,0
184033,0
184034,0
184035,1
184036,1
184037,1
184038,1
184039,0
184040,1
184041,0
184042,1
184043,0
184044,1
184045,0
184046,1
184047,0
184048,1
184049,0
184050,1
184051,0
184052,1
184053,0
184054,1
184055,1
184056,1
184057,1
184058,0
184059,1
184060,0
184061,0
184062,1
184063,1
184064,1
184065,0
184066,1
184067,1
184068,1
184069,0
184070,1
184071,0
184072,0
184073,1
184074,0
184075,1
184076,0
184077,0
184078,0
184079,0
184080,1
184081,0
184082,1
184083,0
184084,1
184085,1
184086,1
184087,1
184088,1
184089,1
184090,0
184091,1
184092,0
184093,1
184094,0
184095,0
184096,1
184097,1
184098,0
184099,1
184100,0
184101,0
184102,0
184103,1
184104,0
184105,0
184106,1
184107,0
184108,0
184109,1
184110,0
184111,1
184112,0
184113,1
184114,0
184115,1
184116,1
184117,1
184118,0
184119,1
184120,0
184121,0
184122,0
184123,1
184124,0
184125,1
184126,1
184127,0
184128,0
184129,0
184130,1
184131,0
184132,1
184133,0
184134,1
184135,1
184136,0
184137,1
184138,1
184139,0
184140,0
184141,1
184142,1
184143,0
184144,1
184145,0
184146,1
184147,1
184148,1
184149,0
184150,0
184151,0
184152,1
184153,1
184154,0
184155,0
184156,0
184157,0
184158,0
184159,0
184160,0
184161,0
184162,0
184163,0
184164,0
184165,1
184166,1
184167,0
184168,1
184169,0
184170,1
184171,0
184172,1
184173,1
184174,1
184175,0
184176,1
184177,0
184178,0
184179,1
184180,1
184181,1
184182,0
184183,0
184184,0
184185,1
184186,0
184187,0
184188,0
184189,1
184190,0
184191,1
184192,1
184193,1
184194,0
184195,0
184196,0
184197,0
184198,1
184199,0
184200,0
184201,0
184202,0
184203,0
184204,1
184205,0
184206,1
184207,1
184208,1
184209,1
184210,0
184211,0
184212,0
184213,0
184214,1
184215,1
184216,1
184217,1
184218,1
184219,1
184220,1
184221,1
184222,1
184223,0
184224,0
184225,0
184226,1
184227,0
184228,1
184229,0
184230,1
184231,1
184232,0
184233,1
184234,0
184235,1
184236,0
184237,0
184238,0
184239,0
184240,0
184241,1
184242,0
184243,1
184244,1
184245,0
184246,1
184247,0
184248,0
184249,0
184250,1
184251,1
184252,1
184253,0
184254,1
184255,1
184256,1
184257,0
184258,0
184259,0
184260,0
184261,1
184262,1
184263,1
184264,1
184265,0
184266,1
184267,0
184268,0
184269,0
184270,1
184271,1
184272,1
184273,0
184274,1
184275,1
184276,1
184277,0
184278,1
184279,0
184280,0
184281,1
184282,1
184283,1
184284,0
184285,1
184286,0
184287,1
184288,1
184289,0
184290,0
184291,1
184292,1
184293,0
184294,0
184295,0
184296,1
184297,1
184298,1
184299,0
184300,0
184301,1
184302,0
184303,0
184304,1
184305,0
184306,1
184307,1
184308,1
184309,0
184310,1
184311,1
184312,0
184313,0
184314,0
184315,0
184316,1
184317,1
184318,0
184319,1
184320,1
184321,1
184322,1
184323,0
184324,1
184325,0
184326,0
184327,1
184328,0
184329,0
184330,0
184331,0
184332,1
184333,0
184334,1
184335,0
184336,1
184337,1
184338,0
184339,0
184340,1
184341,0
184342,1
184343,1
184344,0
184345,0
184346,0
184347,1
184348,0
184349,1
184350,1
184351,0
184352,0
184353,1
184354,1
184355,0
184356,1
184357,0
184358,0
184359,0
184360,0
184361,1
184362,0
184363,0
184364,1
184365,0
184366,1
184367,0
184368,1
184369,1
184370,1
184371,1
184372,0
184373,0
184374,0
184375,1
184376,1
184377,1
184378,1
184379,0
184380,0
184381,0
184382,1
184383,1
184384,0
184385,0
184386,0
184387,0
184388,1
184389,0
184390,0
184391,0
184392,0
184393,0
184394,1
184395,1
184396,1
184397,1
184398,0
184399,1
184400,0
184401,1
184402,0
184403,0
184404,0
184405,0
184406,0
184407,1
184408,1
184409,0
184410,0
184411,0
184412,0
184413,1
184414,0
184415,1
184416,0
184417,0
184418,1
184419,0
184420,1
184421,1
184422,0
184423,0
184424,1
184425,1
184426,1
184427,1
184428,0
184429,1
184430,0
184431,0
184432,1
184433,1
184434,1
184435,1
184436,0
184437,1
184438,0
184439,0
184440,1
184441,1
184442,1
184443,0
184444,0
184445,0
184446,1
184447,0
184448,0
184449,0
184450,0
184451,0
184452,1
184453,0
184454,1
184455,1
184456,1
184457,1
184458,0
184459,0
184460,0
184461,0
184462,0
184463,1
184464,1
184465,1
184466,1
184467,0
184468,0
184469,0
184470,1
184471,1
184472,1
184473,1
184474,0
184475,1
184476,0
184477,0
184478,0
184479,1
184480,1
184481,0
184482,1
184483,1
184484,0
184485,0
184486,1
184487,1
184488,1
184489,0
184490,1
184491,0
184492,1
184493,1
184494,1
184495,1
184496,1
184497,0
184498,1
184499,1
184500,1
184501,1
184502,1
184503,0
184504,0
184505,1
184506,0
184507,1
184508,0
184509,0
184510,1
184511,0
184512,1
184513,0
184514,1
184515,1
184516,0
184517,0
184518,1
184519,1
184520,0
184521,0
184522,0
184523,0
184524,0
184525,1
184526,0
184527,1
184528,1
184529,1
184530,0
184531,1
184532,1
184533,0
184534,0
184535,1
184536,0
184537,1
184538,1
184539,1
184540,0
184541,0
184542,0
184543,0
184544,1
184545,1
184546,1
184547,0
184548,1
184549,1
184550,1
184551,0
184552,0
184553,1
184554,1
184555,1
184556,1
184557,1
184558,0
184559,0
184560,0
184561,0
184562,0
184563,0
184564,0
184565,0
184566,0
184567,1
184568,1
184569,0
184570,0
184571,0
184572,0
184573,1
184574,1
184575,1
184576,1
184577,0
184578,0
184579,1
184580,0
184581,1
184582,1
184583,0
184584,1
184585,1
184586,0
184587,1
184588,1
184589,1
184590,1
184591,0
184592,0
184593,0
184594,0
184595,0
184596,0
184597,0
184598,0
184599,1
184600,0
184601,1
184602,0
184603,0
184604,0
184605,0
184606,0
184607,0
184608,1
184609,0
184610,0
184611,0
184612,0
184613,0
184614,1
184615,1
184616,0
184617,1
184618,0
184619,1
184620,1
184621,1
184622,1
184623,1
184624,1
184625,1
184626,0
184627,0
184628,0
184629,1
184630,1
184631,0
184632,0
184633,1
184634,0
184635,0
184636,0
184637,1
184638,0
184639,1
184640,0
184641,0
184642,1
184643,0
184644,0
184645,1
184646,1
184647,0
184648,0
184649,1
184650,0
184651,0
184652,1
184653,0
184654,1
184655,0
184656,0
184657,1
184658,0
184659,1
184660,1
184661,1
184662,1
184663,0
184664,0
184665,1
184666,0
184667,1
184668,0
184669,0
184670,1
184671,1
184672,0
184673,0
184674,1
184675,0
184676,0
184677,1
184678,0
184679,1
184680,0
184681,1
184682,1
184683,0
184684,0
184685,0
184686,1
184687,0
184688,0
184689,1
184690,1
184691,1
184692,1
184693,0
184694,0
184695,0
184696,1
184697,0
184698,1
184699,0
184700,1
184701,1
184702,1
184703,1
184704,0
184705,0
184706,1
184707,0
184708,1
184709,1
184710,1
184711,1
184712,1
184713,0
184714,0
184715,1
184716,0
184717,1
184718,1
184719,0
184720,1
184721,1
184722,0
184723,1
184724,1
184725,0
184726,1
184727,0
184728,1
184729,0
184730,1
184731,0
184732,1
184733,0
184734,0
184735,1
184736,0
184737,1
184738,1
184739,0
184740,1
184741,1
184742,1
184743,1
184744,0
184745,1
184746,1
184747,0
184748,0
184749,1
184750,0
184751,0
184752,1
184753,1
184754,0
184755,0
184756,1
184757,1
184758,0
184759,0
184760,1
184761,1
184762,1
184763,1
184764,0
184765,1
184766,1
184767,1
184768,1
184769,1
184770,0
184771,1
184772,0
184773,0
184774,1
184775,1
184776,1
184777,1
184778,1
184779,0
184780,0
184781,0
184782,0
184783,1
184784,1
184785,0
184786,0
184787,1
184788,1
184789,0
184790,1
184791,1
184792,1
184793,0
184794,1
184795,0
184796,1
184797,1
184798,1
184799,0
184800,1
184801,0
184802,1
184803,1
184804,0
184805,0
184806,0
184807,0
184808,0
184809,0
184810,0
184811,1
184812,1
184813,1
184814,0
184815,0
184816,0
184817,0
184818,1
184819,1
184820,0
184821,1
184822,1
184823,1
184824,0
184825,1
184826,0
184827,0
184828,0
184829,1
184830,0
184831,0
184832,1
184833,0
184834,0
184835,1
184836,1
184837,1
184838,1
184839,1
184840,1
184841,0
184842,0
184843,1
184844,1
184845,1
184846,1
184847,0
184848,1
184849,1
184850,0
184851,0
184852,0
184853,1
184854,0
184855,0
184856,1
184857,0
184858,1
184859,1
184860,1
184861,0
184862,1
184863,0
184864,1
184865,1
184866,0
184867,1
184868,1
184869,1
184870,1
184871,0
184872,0
184873,1
184874,0
184875,0
184876,1
184877,0
184878,0
184879,1
184880,0
184881,0
184882,1
184883,0
184884,0
184885,1
184886,1
184887,1
184888,0
184889,1
184890,0
184891,0
184892,0
184893,0
184894,1
184895,0
184896,0
184897,0
184898,1
184899,1
184900,0
184901,0
184902,0
184903,1
184904,1
184905,0
184906,0
184907,0
184908,0
184909,1
184910,0
184911,0
184912,0
184913,0
184914,1
184915,1
184916,1
184917,0
184918,1
184919,0
184920,1
184921,1
184922,0
184923,0
184924,1
184925,1
184926,0
184927,0
184928,0
184929,0
184930,0
184931,1
184932,1
184933,1
184934,0
184935,0
184936,1
184937,1
184938,1
184939,1
184940,1
184941,1
184942,0
184943,1
184944,1
184945,1
184946,0
184947,0
184948,0
184949,1
184950,1
184951,1
184952,1
184953,0
184954,0
184955,1
184956,0
184957,1
184958,0
184959,1
184960,1
184961,0
184962,1
184963,0
184964,0
184965,0
184966,1
184967,1
184968,0
184969,0
184970,1
184971,0
184972,1
184973,1
184974,1
184975,1
184976,0
184977,0
184978,1
184979,0
184980,1
184981,0
184982,0
184983,0
184984,1
184985,0
184986,1
184987,1
184988,1
184989,1
184990,1
184991,1
184992,1
184993,0
184994,1
184995,0
184996,1
184997,0
184998,1
184999,0
185000,0
185001,0
185002,1
185003,0
185004,0
185005,0
185006,0
185007,1
185008,0
185009,0
185010,0
185011,1
185012,1
185013,0
185014,1
185015,0
185016,1
185017,1
185018,1
185019,0
185020,1
185021,1
185022,0
185023,1
185024,1
185025,0
185026,0
185027,1
185028,0
185029,1
185030,0
185031,0
185032,1
185033,0
185034,0
185035,1
185036,1
185037,0
185038,1
185039,0
185040,1
185041,1
185042,0
185043,0
185044,1
185045,0
185046,1
185047,1
185048,1
185049,1
185050,0
185051,0
185052,0
185053,0
185054,0
185055,1
185056,0
185057,1
185058,0
185059,1
185060,0
185061,1
185062,1
185063,1
185064,1
185065,1
185066,0
185067,1
185068,1
185069,0
185070,1
185071,0
185072,1
185073,0
185074,0
185075,1
185076,1
185077,1
185078,1
185079,0
185080,1
185081,0
185082,1
185083,1
185084,0
185085,0
185086,1
185087,1
185088,0
185089,1
185090,0
185091,1
185092,1
185093,0
185094,1
185095,1
185096,0
185097,1
185098,1
185099,0
185100,1
185101,1
185102,0
185103,0
185104,0
185105,0
185106,1
185107,0
185108,0
185109,0
185110,1
185111,1
185112,1
185113,1
185114,1
185115,0
185116,1
185117,1
185118,1
185119,1
185120,1
185121,0
185122,1
185123,1
185124,1
185125,0
185126,1
185127,0
185128,1
185129,0
185130,1
185131,1
185132,1
185133,1
185134,1
185135,0
185136,1
185137,0
185138,0
185139,0
185140,0
185141,1
185142,1
185143,1
185144,0
185145,1
185146,1
185147,0
185148,1
185149,1
185150,0
185151,1
185152,1
185153,1
185154,0
185155,1
185156,1
185157,1
185158,0
185159,0
185160,1
185161,1
185162,0
185163,1
185164,1
185165,0
185166,1
185167,0
185168,0
185169,0
185170,0
185171,0
185172,1
185173,1
185174,1
185175,0
185176,0
185177,0
185178,1
185179,0
185180,1
185181,0
185182,0
185183,1
185184,1
185185,0
185186,1
185187,1
185188,1
185189,0
185190,0
185191,1
185192,1
185193,0
185194,1
185195,1
185196,1
185197,1
185198,0
185199,0
185200,1
185201,1
185202,1
185203,0
185204,1
185205,1
185206,0
185207,0
185208,1
185209,0
185210,0
185211,1
185212,1
185213,0
185214,1
185215,0
185216,0
185217,0
185218,0
185219,0
185220,0
185221,1
185222,0
185223,1
185224,1
185225,1
185226,0
185227,0
185228,0
185229,1
185230,1
185231,1
185232,0
185233,1
185234,0
185235,1
185236,1
185237,0
185238,1
185239,0
185240,1
185241,1
185242,0
185243,0
185244,0
185245,0
185246,0
185247,1
185248,1
185249,1
185250,1
185251,0
185252,1
185253,0
185254,0
185255,0
185256,0
185257,0
185258,0
185259,0
185260,0
185261,0
185262,0
185263,1
185264,1
185265,1
185266,1
185267,0
185268,1
185269,1
185270,0
185271,1
185272,0
185273,0
185274,1
185275,1
185276,1
185277,1
185278,1
185279,0
185280,1
185281,1
185282,0
185283,1
185284,1
185285,0
185286,1
185287,1
185288,1
185289,1
185290,0
185291,0
185292,0
185293,0
185294,1
185295,0
185296,0
185297,0
185298,0
185299,1
185300,1
185301,0
185302,0
185303,1
185304,0
185305,1
185306,1
185307,1
185308,1
185309,0
185310,1
185311,0
185312,0
185313,0
185314,1
185315,0
185316,0
185317,1
185318,1
185319,1
185320,0
185321,0
185322,1
185323,0
185324,1
185325,1
185326,0
185327,0
185328,0
185329,1
185330,1
185331,1
185332,1
185333,1
185334,1
185335,1
185336,1
185337,1
185338,1
185339,0
185340,1
185341,1
185342,1
185343,0
185344,1
185345,0
185346,0
185347,1
185348,0
185349,0
185350,0
185351,0
185352,1
185353,0
185354,1
185355,1
185356,1
185357,0
185358,0
185359,0
185360,1
185361,1
185362,1
185363,1
185364,0
185365,0
185366,0
185367,0
185368,1
185369,0
185370,0
185371,1
185372,0
185373,0
185374,0
185375,1
185376,0
185377,0
185378,0
185379,1
185380,0
185381,1
185382,1
185383,0
185384,1
185385,0
185386,1
185387,1
185388,1
185389,1
185390,1
185391,1
185392,0
185393,0
185394,0
185395,0
185396,1
185397,1
185398,1
185399,0
185400,0
185401,0
185402,1
185403,1
185404,0
185405,1
185406,0
185407,1
185408,0
185409,0
185410,1
185411,0
185412,1
185413,1
185414,0
185415,0
185416,1
185417,0
185418,1
185419,0
185420,1
185421,1
185422,1
185423,0
185424,0
185425,1
185426,0
185427,1
185428,1
185429,1
185430,0
185431,1
185432,0
185433,0
185434,1
185435,0
185436,0
185437,1
185438,1
185439,0
185440,0
185441,1
185442,0
185443,1
185444,0
185445,0
185446,1
185447,1
185448,1
185449,1
185450,1
185451,1
185452,0
185453,0
185454,1
185455,1
185456,1
185457,0
185458,0
185459,0
185460,0
185461,0
185462,0
185463,0
185464,1
185465,1
185466,0
185467,0
185468,0
185469,1
185470,1
185471,1
185472,1
185473,0
185474,1
185475,0
185476,0
185477,1
185478,1
185479,1
185480,0
185481,1
185482,0
185483,1
185484,1
185485,1
185486,0
185487,1
185488,1
185489,1
185490,0
185491,1
185492,1
185493,0
185494,0
185495,1
185496,0
185497,0
185498,1
185499,0
185500,1
185501,0
185502,0
185503,1
185504,1
185505,0
185506,0
185507,1
185508,1
185509,0
185510,0
185511,0
185512,1
185513,1
185514,0
185515,0
185516,0
185517,0
185518,0
185519,1
185520,1
185521,0
185522,0
185523,1
185524,0
185525,1
185526,0
185527,0
185528,0
185529,1
185530,0
185531,0
185532,0
185533,0
185534,1
185535,0
185536,0
185537,0
185538,0
185539,1
185540,1
185541,0
185542,0
185543,1
185544,1
185545,1
185546,0
185547,1
185548,0
185549,1
185550,0
185551,1
185552,1
185553,0
185554,0
185555,1
185556,1
185557,0
185558,0
185559,1
185560,1
185561,0
185562,1
185563,1
185564,0
185565,0
185566,1
185567,1
185568,1
185569,1
185570,0
185571,1
185572,1
185573,0
185574,1
185575,1
185576,0
185577,1
185578,1
185579,0
185580,1
185581,1
185582,0
185583,0
185584,1
185585,1
185586,1
185587,0
185588,1
185589,0
185590,1
185591,1
185592,0
185593,1
185594,0
185595,1
185596,0
185597,0
185598,1
185599,1
185600,0
185601,1
185602,0
185603,0
185604,0
185605,1
185606,1
185607,1
185608,0
185609,0
185610,0
185611,1
185612,0
185613,1
185614,0
185615,1
185616,0
185617,0
185618,0
185619,0
185620,0
185621,1
185622,1
185623,1
185624,0
185625,0
185626,0
185627,1
185628,0
185629,1
185630,0
185631,0
185632,0
185633,1
185634,1
185635,1
185636,0
185637,1
185638,0
185639,0
185640,1
185641,1
185642,1
185643,1
185644,1
185645,0
185646,1
185647,0
185648,1
185649,1
185650,0
185651,1
185652,0
185653,1
185654,1
185655,1
185656,0
185657,1
185658,1
185659,0
185660,0
185661,1
185662,0
185663,0
185664,0
185665,1
185666,0
185667,0
185668,1
185669,0
185670,0
185671,1
185672,0
185673,1
185674,0
185675,0
185676,1
185677,1
185678,0
185679,1
185680,0
185681,1
185682,1
185683,0
185684,1
185685,0
185686,1
185687,0
185688,0
185689,0
185690,0
185691,1
185692,1
185693,0
185694,1
185695,0
185696,0
185697,0
185698,0
185699,1
185700,1
185701,0
185702,0
185703,0
185704,1
185705,0
185706,1
185707,1
185708,0
185709,0
185710,1
185711,1
185712,1
185713,0
185714,0
185715,1
185716,1
185717,0
185718,0
185719,0
185720,0
185721,1
185722,1
185723,0
185724,1
185725,0
185726,1
185727,0
185728,0
185729,0
185730,1
185731,0
185732,1
185733,1
185734,0
185735,1
185736,1
185737,1
185738,0
185739,1
185740,1
185741,1
185742,0
185743,0
185744,0
185745,1
185746,1
185747,0
185748,1
185749,0
185750,0
185751,0
185752,0
185753,0
185754,0
185755,1
185756,0
185757,0
185758,0
185759,1
185760,1
185761,1
185762,1
185763,1
185764,1
185765,1
185766,0
185767,1
185768,1
185769,0
185770,1
185771,0
185772,1
185773,1
185774,0
185775,1
185776,0
185777,0
185778,0
185779,1
185780,0
185781,1
185782,1
185783,0
185784,1
185785,1
185786,1
185787,0
185788,1
185789,1
185790,0
185791,0
185792,1
185793,1
185794,1
185795,0
185796,1
185797,0
185798,0
185799,0
185800,0
185801,0
185802,0
185803,0
185804,1
185805,1
185806,1
185807,0
185808,0
185809,1
185810,1
185811,1
185812,0
185813,1
185814,1
185815,1
185816,0
185817,1
185818,0
185819,1
185820,1
185821,1
185822,0
185823,0
185824,1
185825,1
185826,0
185827,1
185828,0
185829,0
185830,0
185831,0
185832,0
185833,1
185834,1
185835,0
185836,0
185837,1
185838,0
185839,1
185840,1
185841,0
185842,0
185843,1
185844,1
185845,1
185846,0
185847,1
185848,0
185849,0
185850,1
185851,1
185852,0
185853,0
185854,0
185855,0
185856,1
185857,1
185858,1
185859,0
185860,1
185861,0
185862,0
185863,0
185864,0
185865,1
185866,0
185867,1
185868,0
185869,1
185870,0
185871,0
185872,0
185873,1
185874,1
185875,1
185876,0
185877,1
185878,0
185879,1
185880,0
185881,0
185882,0
185883,0
185884,1
185885,0
185886,0
185887,0
185888,0
185889,0
185890,0
185891,0
185892,0
185893,0
185894,0
185895,1
185896,0
185897,0
185898,1
185899,0
185900,0
185901,1
185902,1
185903,1
185904,1
185905,0
185906,0
185907,1
185908,0
185909,1
185910,0
185911,0
185912,1
185913,1
185914,1
185915,1
185916,1
185917,0
185918,1
185919,1
185920,1
185921,1
185922,1
185923,0
185924,1
185925,1
185926,0
185927,0
185928,0
185929,0
185930,1
185931,1
185932,0
185933,1
185934,0
185935,1
185936,1
185937,1
185938,1
185939,1
185940,0
185941,0
185942,1
185943,0
185944,1
185945,1
185946,0
185947,0
185948,1
185949,0
185950,0
185951,0
185952,0
185953,0
185954,1
185955,0
185956,0
185957,0
185958,0
185959,0
185960,0
185961,1
185962,0
185963,0
185964,1
185965,1
185966,1
185967,0
185968,1
185969,1
185970,0
185971,0
185972,0
185973,0
185974,0
185975,1
185976,1
185977,0
185978,0
185979,0
185980,0
185981,1
185982,1
185983,0
185984,0
185985,1
185986,1
185987,0
185988,1
185989,1
185990,1
185991,0
185992,1
185993,1
185994,0
185995,0
185996,1
185997,1
185998,0
185999,1
186000,1
186001,0
186002,0
186003,0
186004,0
186005,1
186006,1
186007,0
186008,1
186009,1
186010,1
186011,1
186012,1
186013,1
186014,1
186015,0
186016,0
186017,0
186018,0
186019,1
186020,0
186021,1
186022,1
186023,0
186024,0
186025,1
186026,1
186027,0
186028,0
186029,1
186030,1
186031,0
186032,1
186033,0
186034,0
186035,1
186036,0
186037,1
186038,0
186039,0
186040,1
186041,0
186042,0
186043,1
186044,1
186045,1
186046,1
186047,1
186048,0
186049,1
186050,0
186051,0
186052,0
186053,1
186054,0
186055,0
186056,1
186057,1
186058,0
186059,1
186060,1
186061,1
186062,1
186063,1
186064,0
186065,1
186066,1
186067,0
186068,0
186069,0
186070,0
186071,1
186072,1
186073,0
186074,0
186075,1
186076,1
186077,0
186078,0
186079,1
186080,0
186081,1
186082,1
186083,1
186084,0
186085,0
186086,1
186087,1
186088,0
186089,1
186090,1
186091,1
186092,1
186093,0
186094,0
186095,1
186096,0
186097,1
186098,1
186099,1
186100,1
186101,0
186102,1
186103,0
186104,1
186105,1
186106,1
186107,1
186108,0
186109,0
186110,0
186111,1
186112,0
186113,0
186114,1
186115,0
186116,0
186117,1
186118,0
186119,1
186120,0
186121,0
186122,1
186123,1
186124,0
186125,1
186126,0
186127,0
186128,0
186129,0
186130,1
186131,0
186132,0
186133,1
186134,1
186135,1
186136,0
186137,1
186138,1
186139,1
186140,1
186141,1
186142,1
186143,1
186144,0
186145,1
186146,1
186147,1
186148,0
186149,0
186150,0
186151,0
186152,1
186153,0
186154,0
186155,1
186156,0
186157,1
186158,1
186159,1
186160,0
186161,1
186162,0
186163,1
186164,1
186165,0
186166,1
186167,0
186168,1
186169,0
186170,1
186171,1
186172,0
186173,0
186174,1
186175,1
186176,0
186177,0
186178,1
186179,0
186180,1
186181,0
186182,1
186183,0
186184,1
186185,1
186186,1
186187,0
186188,0
186189,0
186190,1
186191,1
186192,0
186193,0
186194,1
186195,0
186196,0
186197,1
186198,0
186199,0
186200,0
186201,1
186202,1
186203,1
186204,1
186205,0
186206,0
186207,1
186208,0
186209,0
186210,1
186211,1
186212,1
186213,0
186214,1
186215,0
186216,1
186217,0
186218,0
186219,0
186220,1
186221,0
186222,1
186223,0
186224,0
186225,0
186226,1
186227,0
186228,0
186229,0
186230,1
186231,0
186232,1
186233,1
186234,0
186235,0
186236,0
186237,1
186238,0
186239,0
186240,1
186241,1
186242,0
186243,0
186244,1
186245,1
186246,1
186247,0
186248,1
186249,1
186250,1
186251,0
186252,1
186253,1
186254,0
186255,0
186256,0
186257,1
186258,0
186259,0
186260,0
186261,1
186262,1
186263,0
186264,1
186265,1
186266,1
186267,0
186268,1
186269,0
186270,1
186271,0
186272,0
186273,1
186274,1
186275,0
186276,1
186277,0
186278,1
186279,1
186280,1
186281,0
186282,1
186283,1
186284,1
186285,1
186286,1
186287,1
186288,1
186289,0
186290,0
186291,0
186292,1
186293,0
186294,1
186295,0
186296,1
186297,1
186298,0
186299,1
186300,0
186301,1
186302,0
186303,0
186304,0
186305,1
186306,1
186307,1
186308,1
186309,0
186310,0
186311,1
186312,0
186313,0
186314,0
186315,0
186316,1
186317,1
186318,1
186319,0
186320,1
186321,0
186322,0
186323,0
186324,1
186325,0
186326,0
186327,0
186328,0
186329,0
186330,1
186331,1
186332,1
186333,0
186334,0
186335,1
186336,0
186337,1
186338,1
186339,0
186340,0
186341,0
186342,1
186343,0
186344,0
186345,0
186346,0
186347,0
186348,0
186349,1
186350,1
186351,1
186352,1
186353,0
186354,1
186355,1
186356,1
186357,1
186358,1
186359,1
186360,1
186361,1
186362,1
186363,1
186364,0
186365,0
186366,0
186367,0
186368,0
186369,0
186370,1
186371,0
186372,0
186373,0
186374,0
186375,1
186376,1
186377,1
186378,1
186379,0
186380,1
186381,0
186382,1
186383,0
186384,1
186385,0
186386,0
186387,1
186388,0
186389,0
186390,0
186391,0
186392,1
186393,0
186394,1
186395,1
186396,1
186397,0
186398,1
186399,1
186400,0
186401,1
186402,0
186403,0
186404,1
186405,1
186406,1
186407,0
186408,0
186409,0
186410,1
186411,1
186412,0
186413,1
186414,0
186415,0
186416,0
186417,0
186418,0
186419,1
186420,1
186421,0
186422,0
186423,0
186424,1
186425,1
186426,1
186427,1
186428,1
186429,0
186430,1
186431,1
186432,0
186433,0
186434,0
186435,1
186436,0
186437,1
186438,0
186439,1
186440,1
186441,1
186442,0
186443,1
186444,0
186445,0
186446,1
186447,0
186448,1
186449,0
186450,1
186451,0
186452,1
186453,1
186454,0
186455,1
186456,0
186457,0
186458,1
186459,0
186460,0
186461,1
186462,0
186463,0
186464,0
186465,1
186466,1
186467,0
186468,1
186469,1
186470,0
186471,0
186472,0
186473,0
186474,0
186475,1
186476,1
186477,0
186478,1
186479,1
186480,1
186481,0
186482,1
186483,1
186484,0
186485,1
186486,0
186487,1
186488,0
186489,0
186490,0
186491,0
186492,1
186493,1
186494,1
186495,0
186496,1
186497,1
186498,0
186499,0
186500,0
186501,1
186502,0
186503,0
186504,1
186505,0
186506,0
186507,1
186508,0
186509,1
186510,1
186511,1
186512,1
186513,1
186514,1
186515,1
186516,0
186517,0
186518,1
186519,1
186520,0
186521,1
186522,0
186523,1
186524,1
186525,0
186526,1
186527,1
186528,0
186529,0
186530,0
186531,1
186532,0
186533,1
186534,0
186535,1
186536,0
186537,1
186538,0
186539,0
186540,1
186541,1
186542,0
186543,1
186544,1
186545,0
186546,1
186547,0
186548,1
186549,1
186550,1
186551,0
186552,0
186553,1
186554,0
186555,1
186556,0
186557,0
186558,1
186559,0
186560,0
186561,1
186562,0
186563,1
186564,0
186565,0
186566,0
186567,1
186568,0
186569,0
186570,0
186571,0
186572,1
186573,1
186574,1
186575,0
186576,0
186577,1
186578,0
186579,1
186580,0
186581,0
186582,0
186583,1
186584,1
186585,0
186586,0
186587,1
186588,0
186589,0
186590,0
186591,1
186592,0
186593,1
186594,0
186595,1
186596,0
186597,0
186598,1
186599,0
186600,1
186601,1
186602,1
186603,1
186604,1
186605,0
186606,0
186607,0
186608,0
186609,1
186610,1
186611,1
186612,0
186613,0
186614,1
186615,1
186616,1
186617,1
186618,0
186619,1
186620,0
186621,0
186622,1
186623,1
186624,1
186625,1
186626,1
186627,0
186628,1
186629,0
186630,1
186631,0
186632,1
186633,0
186634,1
186635,1
186636,1
186637,1
186638,1
186639,0
186640,0
186641,0
186642,1
186643,0
186644,1
186645,0
186646,0
186647,0
186648,1
186649,1
186650,1
186651,1
186652,1
186653,1
186654,1
186655,0
186656,1
186657,1
186658,0
186659,1
186660,0
186661,1
186662,0
186663,1
186664,0
186665,0
186666,0
186667,1
186668,0
186669,1
186670,1
186671,1
186672,0
186673,0
186674,0
186675,0
186676,1
186677,1
186678,1
186679,0
186680,0
186681,1
186682,1
186683,1
186684,1
186685,1
186686,0
186687,0
186688,0
186689,0
186690,0
186691,0
186692,0
186693,0
186694,0
186695,0
186696,1
186697,0
186698,1
186699,1
186700,0
186701,1
186702,1
186703,1
186704,1
186705,1
186706,1
186707,0
186708,1
186709,0
186710,1
186711,1
186712,0
186713,1
186714,1
186715,1
186716,1
186717,0
186718,1
186719,1
186720,0
186721,1
186722,1
186723,1
186724,0
186725,1
186726,1
186727,1
186728,1
186729,1
186730,0
186731,1
186732,1
186733,0
186734,1
186735,0
186736,0
186737,1
186738,1
186739,0
186740,0
186741,1
186742,1
186743,0
186744,1
186745,0
186746,0
186747,1
186748,1
186749,1
186750,0
186751,0
186752,0
186753,0
186754,1
186755,0
186756,0
186757,1
186758,0
186759,1
186760,1
186761,1
186762,1
186763,1
186764,1
186765,0
186766,1
186767,1
186768,1
186769,1
186770,1
186771,0
186772,0
186773,0
186774,0
186775,0
186776,0
186777,1
186778,1
186779,0
186780,0
186781,1
186782,0
186783,1
186784,1
186785,1
186786,1
186787,1
186788,0
186789,1
186790,1
186791,0
186792,0
186793,1
186794,1
186795,1
186796,0
186797,1
186798,1
186799,1
186800,0
186801,0
186802,1
186803,0
186804,0
186805,0
186806,0
186807,0
186808,1
186809,1
186810,1
186811,0
186812,1
186813,1
186814,0
186815,1
186816,1
186817,1
186818,1
186819,0
186820,1
186821,1
186822,1
186823,0
186824,1
186825,0
186826,0
186827,1
186828,1
186829,0
186830,1
186831,1
186832,1
186833,0
186834,0
186835,1
186836,0
186837,0
186838,0
186839,1
186840,0
186841,0
186842,1
186843,0
186844,0
186845,1
186846,1
186847,1
186848,1
186849,1
186850,1
186851,0
186852,1
186853,0
186854,1
186855,1
186856,0
186857,1
186858,1
186859,0
186860,0
186861,1
186862,0
186863,0
186864,0
186865,1
186866,0
186867,0
186868,1
186869,0
186870,1
186871,1
186872,0
186873,0
186874,0
186875,0
186876,0
186877,0
186878,1
186879,0
186880,0
186881,0
186882,0
186883,0
186884,1
186885,0
186886,0
186887,1
186888,0
186889,1
186890,0
186891,0
186892,1
186893,0
186894,0
186895,0
186896,0
186897,1
186898,1
186899,0
186900,0
186901,0
186902,0
186903,1
186904,1
186905,1
186906,0
186907,0
186908,1
186909,1
186910,1
186911,0
186912,0
186913,0
186914,0
186915,0
186916,0
186917,1
186918,0
186919,1
186920,0
186921,1
186922,0
186923,1
186924,0
186925,0
186926,1
186927,1
186928,0
186929,1
186930,1
186931,1
186932,0
186933,0
186934,1
186935,0
186936,1
186937,0
186938,1
186939,1
186940,1
186941,1
186942,0
186943,1
186944,1
186945,1
186946,0
186947,1
186948,1
186949,0
186950,1
186951,1
186952,0
186953,1
186954,1
186955,1
186956,1
186957,1
186958,0
186959,1
186960,0
186961,1
186962,1
186963,1
186964,0
186965,1
186966,1
186967,0
186968,0
186969,0
186970,1
186971,1
186972,0
186973,0
186974,1
186975,0
186976,1
186977,0
186978,1
186979,0
186980,0
186981,0
186982,1
186983,0
186984,0
186985,0
186986,0
186987,0
186988,1
186989,0
186990,1
186991,0
186992,0
186993,0
186994,0
186995,1
186996,0
186997,0
186998,1
186999,1
187000,1
187001,0
187002,1
187003,0
187004,0
187005,0
187006,1
187007,0
187008,1
187009,0
187010,1
187011,1
187012,0
187013,0
187014,0
187015,1
187016,1
187017,1
187018,1
187019,0
187020,0
187021,0
187022,0
187023,0
187024,0
187025,0
187026,1
187027,0
187028,1
187029,1
187030,1
187031,1
187032,1
187033,0
187034,0
187035,1
187036,0
187037,1
187038,1
187039,1
187040,1
187041,1
187042,1
187043,0
187044,1
187045,0
187046,0
187047,1
187048,0
187049,1
187050,0
187051,1
187052,0
187053,0
187054,1
187055,0
187056,0
187057,1
187058,1
187059,0
187060,0
187061,0
187062,1
187063,0
187064,1
187065,0
187066,0
187067,1
187068,1
187069,1
187070,0
187071,1
187072,1
187073,1
187074,1
187075,1
187076,0
187077,1
187078,0
187079,1
187080,1
187081,0
187082,1
187083,0
187084,0
187085,0
187086,0
187087,0
187088,0
187089,0
187090,1
187091,1
187092,1
187093,1
187094,1
187095,0
187096,1
187097,1
187098,0
187099,0
187100,0
187101,1
187102,1
187103,1
187104,0
187105,0
187106,1
187107,0
187108,1
187109,0
187110,0
187111,1
187112,1
187113,0
187114,1
187115,1
187116,0
187117,0
187118,1
187119,0
187120,1
187121,0
187122,0
187123,1
187124,1
187125,1
187126,1
187127,0
187128,1
187129,1
187130,1
187131,1
187132,0
187133,0
187134,0
187135,1
187136,0
187137,1
187138,0
187139,0
187140,1
187141,0
187142,1
187143,1
187144,1
187145,0
187146,1
187147,1
187148,1
187149,0
187150,1
187151,0
187152,0
187153,0
187154,0
187155,1
187156,0
187157,1
187158,0
187159,0
187160,1
187161,1
187162,1
187163,1
187164,0
187165,1
187166,1
187167,0
187168,0
187169,1
187170,1
187171,1
187172,1
187173,0
187174,0
187175,1
187176,1
187177,0
187178,1
187179,0
187180,1
187181,0
187182,1
187183,1
187184,1
187185,1
187186,1
187187,0
187188,0
187189,0
187190,0
187191,0
187192,0
187193,0
187194,1
187195,0
187196,1
187197,1
187198,1
187199,1
187200,1
187201,1
187202,0
187203,1
187204,0
187205,0
187206,0
187207,0
187208,0
187209,1
187210,0
187211,0
187212,0
187213,1
187214,1
187215,0
187216,1
187217,0
187218,0
187219,1
187220,1
187221,1
187222,1
187223,1
187224,1
187225,0
187226,1
187227,1
187228,0
187229,0
187230,0
187231,1
187232,0
187233,0
187234,0
187235,0
187236,1
187237,0
187238,0
187239,1
187240,1
187241,0
187242,0
187243,1
187244,1
187245,1
187246,0
187247,0
187248,0
187249,0
187250,1
187251,1
187252,0
187253,1
187254,0
187255,1
187256,1
187257,1
187258,0
187259,1
187260,0
187261,1
187262,0
187263,0
187264,0
187265,1
187266,1
187267,1
187268,1
187269,0
187270,1
187271,1
187272,0
187273,0
187274,0
187275,0
187276,0
187277,0
187278,1
187279,0
187280,1
187281,0
187282,0
187283,0
187284,0
187285,1
187286,1
187287,1
187288,0
187289,1
187290,0
187291,0
187292,1
187293,1
187294,1
187295,1
187296,1
187297,0
187298,1
187299,0
187300,0
187301,0
187302,1
187303,1
187304,1
187305,0
187306,1
187307,0
187308,0
187309,1
187310,1
187311,0
187312,0
187313,0
187314,1
187315,1
187316,1
187317,1
187318,0
187319,1
187320,0
187321,0
187322,0
187323,1
187324,0
187325,1
187326,1
187327,1
187328,1
187329,0
187330,1
187331,1
187332,1
187333,0
187334,1
187335,0
187336,0
187337,0
187338,1
187339,0
187340,1
187341,0
187342,1
187343,1
187344,1
187345,1
187346,1
187347,1
187348,0
187349,0
187350,0
187351,0
187352,1
187353,0
187354,0
187355,0
187356,1
187357,0
187358,0
187359,0
187360,0
187361,0
187362,0
187363,0
187364,0
187365,1
187366,1
187367,0
187368,0
187369,1
187370,1
187371,1
187372,0
187373,1
187374,0
187375,1
187376,1
187377,0
187378,1
187379,1
187380,0
187381,0
187382,1
187383,1
187384,1
187385,1
187386,1
187387,1
187388,1
187389,1
187390,0
187391,0
187392,0
187393,0
187394,1
187395,0
187396,0
187397,0
187398,1
187399,1
187400,0
187401,0
187402,0
187403,0
187404,1
187405,0
187406,1
187407,0
187408,1
187409,0
187410,1
187411,0
187412,1
187413,0
187414,0
187415,0
187416,0
187417,1
187418,0
187419,1
187420,0
187421,0
187422,1
187423,0
187424,1
187425,0
187426,1
187427,0
187428,0
187429,1
187430,1
187431,0
187432,1
187433,1
187434,0
187435,1
187436,0
187437,1
187438,1
187439,1
187440,0
187441,0
187442,1
187443,0
187444,1
187445,1
187446,1
187447,1
187448,0
187449,1
187450,0
187451,0
187452,0
187453,1
187454,1
187455,0
187456,0
187457,0
187458,0
187459,1
187460,0
187461,0
187462,0
187463,0
187464,1
187465,0
187466,1
187467,0
187468,0
187469,0
187470,1
187471,1
187472,1
187473,1
187474,1
187475,0
187476,1
187477,0
187478,1
187479,1
187480,0
187481,0
187482,1
187483,1
187484,1
187485,0
187486,1
187487,0
187488,1
187489,0
187490,1
187491,0
187492,1
187493,0
187494,1
187495,1
187496,0
187497,0
187498,0
187499,1
187500,0
187501,1
187502,0
187503,0
187504,0
187505,0
187506,0
187507,1
187508,1
187509,0
187510,0
187511,0
187512,0
187513,0
187514,0
187515,1
187516,1
187517,1
187518,0
187519,0
187520,0
187521,0
187522,1
187523,1
187524,0
187525,1
187526,1
187527,0
187528,1
187529,1
187530,1
187531,1
187532,1
187533,1
187534,0
187535,1
187536,1
187537,0
187538,1
187539,1
187540,1
187541,1
187542,1
187543,0
187544,1
187545,1
187546,1
187547,0
187548,1
187549,0
187550,1
187551,1
187552,1
187553,1
187554,1
187555,0
187556,0
187557,0
187558,0
187559,0
187560,1
187561,0
187562,0
187563,1
187564,1
187565,1
187566,0
187567,1
187568,0
187569,1
187570,0
187571,1
187572,1
187573,1
187574,1
187575,1
187576,0
187577,0
187578,1
187579,0
187580,0
187581,0
187582,1
187583,0
187584,0
187585,1
187586,1
187587,0
187588,0
187589,0
187590,0
187591,0
187592,1
187593,0
187594,0
187595,1
187596,1
187597,1
187598,1
187599,0
187600,0
187601,1
187602,1
187603,0
187604,0
187605,1
187606,1
187607,0
187608,1
187609,1
187610,0
187611,0
187612,1
187613,1
187614,1
187615,1
187616,1
187617,1
187618,1
187619,0
187620,1
187621,1
187622,1
187623,1
187624,1
187625,0
187626,1
187627,0
187628,0
187629,0
187630,1
187631,0
187632,1
187633,0
187634,1
187635,0
187636,1
187637,1
187638,0
187639,0
187640,1
187641,0
187642,0
187643,0
187644,0
187645,1
187646,0
187647,0
187648,1
187649,1
187650,0
187651,0
187652,0
187653,1
187654,0
187655,0
187656,1
187657,1
187658,1
187659,1
187660,1
187661,0
187662,1
187663,1
187664,0
187665,0
187666,1
187667,1
187668,0
187669,0
187670,1
187671,1
187672,1
187673,0
187674,0
187675,1
187676,0
187677,0
187678,0
187679,1
187680,1
187681,1
187682,0
187683,0
187684,0
187685,0
187686,0
187687,0
187688,0
187689,0
187690,1
187691,1
187692,1
187693,0
187694,1
187695,0
187696,0
187697,0
187698,0
187699,1
187700,1
187701,1
187702,1
187703,1
187704,1
187705,1
187706,1
187707,1
187708,1
187709,1
187710,1
187711,0
187712,1
187713,0
187714,1
187715,1
187716,0
187717,0
187718,0
187719,0
187720,0
187721,1
187722,0
187723,0
187724,0
187725,0
187726,0
187727,1
187728,1
187729,1
187730,0
187731,0
187732,0
187733,0
187734,1
187735,0
187736,1
187737,0
187738,0
187739,0
187740,1
187741,1
187742,0
187743,0
187744,0
187745,0
187746,1
187747,1
187748,0
187749,0
187750,0
187751,1
187752,0
187753,1
187754,0
187755,0
187756,1
187757,1
187758,0
187759,0
187760,1
187761,0
187762,0
187763,1
187764,0
187765,0
187766,1
187767,0
187768,1
187769,1
187770,1
187771,1
187772,1
187773,1
187774,0
187775,0
187776,1
187777,1
187778,0
187779,1
187780,1
187781,1
187782,1
187783,1
187784,1
187785,0
187786,1
187787,1
187788,1
187789,1
187790,1
187791,0
187792,0
187793,0
187794,0
187795,0
187796,1
187797,0
187798,0
187799,1
187800,0
187801,1
187802,1
187803,0
187804,0
187805,1
187806,0
187807,0
187808,1
187809,0
187810,0
187811,1
187812,1
187813,1
187814,1
187815,0
187816,1
187817,1
187818,0
187819,0
187820,0
187821,0
187822,0
187823,0
187824,0
187825,1
187826,0
187827,1
187828,0
187829,1
187830,1
187831,0
187832,1
187833,1
187834,1
187835,0
187836,0
187837,0
187838,0
187839,0
187840,1
187841,0
187842,0
187843,1
187844,1
187845,0
187846,0
187847,0
187848,0
187849,1
187850,1
187851,0
187852,1
187853,0
187854,0
187855,1
187856,0
187857,0
187858,0
187859,1
187860,1
187861,0
187862,0
187863,0
187864,0
187865,1
187866,0
187867,0
187868,0
187869,0
187870,1
187871,1
187872,1
187873,0
187874,1
187875,0
187876,1
187877,1
187878,1
187879,0
187880,0
187881,0
187882,1
187883,1
187884,1
187885,1
187886,1
187887,0
187888,0
187889,1
187890,0
187891,1
187892,0
187893,1
187894,0
187895,0
187896,0
187897,1
187898,1
187899,1
187900,1
187901,0
187902,0
187903,1
187904,0
187905,1
187906,0
187907,1
187908,0
187909,1
187910,1
187911,0
187912,0
187913,1
187914,0
187915,0
187916,1
187917,1
187918,0
187919,0
187920,1
187921,1
187922,1
187923,1
187924,1
187925,0
187926,1
187927,1
187928,1
187929,0
187930,0
187931,1
187932,1
187933,1
187934,0
187935,1
187936,0
187937,0
187938,1
187939,1
187940,1
187941,1
187942,1
187943,0
187944,0
187945,0
187946,0
187947,0
187948,1
187949,1
187950,0
187951,0
187952,0
187953,1
187954,0
187955,0
187956,0
187957,1
187958,0
187959,0
187960,0
187961,0
187962,1
187963,0
187964,0
187965,1
187966,0
187967,0
187968,1
187969,0
187970,1
187971,0
187972,1
187973,1
187974,0
187975,1
187976,1
187977,1
187978,1
187979,0
